Customer_ID,Name,Policy_ID,Policy_Type,Total_Claims,Claim_History_Amount,Policy_Limit,Status,Next_Renewal
CUST-1001,Garima Kapoor,POL-A859,Third-Party,3,73083,300000,Active,2027-01-25
CUST-1002,Myra Wadhwa,POL-E189,Zero-Depreciation,0,0,750000,Active,2025-04-06
CUST-1003,Daksh Trivedi,POL-E716,Comprehensive,0,0,1000000,Active,2026-10-28
CUST-1004,Kiran Saluja,POL-D325,Third-Party,3,731945,1000000,Active,2027-06-10
CUST-1005,Aarav Pandey,POL-D448,Third-Party,1,25909,300000,Active,2027-02-21
CUST-1006,Nishant Joshi,POL-A489,Comprehensive,0,0,500000,Expired,2026-09-11
CUST-1007,Kabir Deshmukh,POL-D649,Comprehensive,1,102291,750000,Active,2025-10-28
CUST-1008,Esha Taneja,POL-C691,Comprehensive,1,15579,200000,Active,2025-08-22
CUST-1009,Nidhi Dutta,POL-A975,Comprehensive,1,28242,200000,Active,2026-04-10
CUST-1010,Garima Khurana,POL-B479,Third-Party,1,45854,300000,Active,2026-12-20
CUST-1011,Kavya Vaidya,POL-A723,Zero-Depreciation,1,51452,300000,Active,2025-09-08
CUST-1012,Abhinav Pal,POL-D376,Zero-Depreciation,0,0,1000000,Active,2025-11-29
CUST-1013,Nidhi Gandhi,POL-B941,Comprehensive,0,0,500000,Active,2025-03-09
CUST-1014,Daksh Sethi,POL-C317,Zero-Depreciation,4,560539,750000,Active,2027-07-26
CUST-1015,Gayatri Ojha,POL-B371,Comprehensive,1,44710,300000,Active,2026-07-06
CUST-1016,Kabir Shukla,POL-D697,Third-Party,0,0,500000,Active,2025-05-22
CUST-1017,Aanchal Prasad,POL-A873,Comprehensive,2,44936,200000,Active,2025-06-13
CUST-1018,Kavya Menon,POL-E165,Third-Party,2,365875,750000,Active,2026-04-25
CUST-1019,Aditi Acharya,POL-E981,Comprehensive,5,89196,200000,Active,2026-07-04
CUST-1020,Navya Bhasin,POL-C214,Third-Party,0,0,750000,Active,2025-01-04
CUST-1021,Latika Banerjee,POL-E880,Comprehensive,1,104269,1000000,Expired,2027-06-11
CUST-1022,Esha Goel,POL-E723,Comprehensive,2,95123,300000,Active,2025-06-15
CUST-1023,Akansha Ranganathan,POL-A713,Third-Party,0,0,750000,Active,2027-08-10
CUST-1024,Pranav Grover,POL-B159,Comprehensive,1,247377,1000000,Expired,2025-03-29
CUST-1025,Mansi Patil,POL-A878,Zero-Depreciation,1,15331,300000,Active,2026-05-02
CUST-1026,Amrita Parekh,POL-C640,Zero-Depreciation,4,365079,750000,Flagged,2027-08-10
CUST-1027,Akansha Zaidi,POL-B830,Third-Party,0,0,750000,Flagged,2026-10-28
CUST-1028,Pratyush Murthy,POL-E562,Comprehensive,2,37627,300000,Active,2025-12-13
CUST-1029,Advik Sodhi,POL-E335,Zero-Depreciation,1,58776,300000,Active,2026-12-26
CUST-1030,Esha Gandhi,POL-B169,Comprehensive,3,288973,500000,Active,2025-09-01
CUST-1031,Kunwar Vohra,POL-D319,Zero-Depreciation,3,139091,300000,Active,2027-06-23
CUST-1032,Anushka Shetty,POL-D348,Third-Party,1,53683,750000,Active,2025-04-10
CUST-1033,Janvi Modi,POL-C533,Third-Party,0,0,750000,Expired,2025-02-25
CUST-1034,Kanika Vats,POL-A162,Third-Party,1,75857,500000,Expired,2025-04-22
CUST-1035,Harsh Reddy,POL-B649,Third-Party,2,120666,300000,Active,2025-10-13
CUST-1036,Utkarsh Yadav,POL-A553,Zero-Depreciation,1,21590,200000,Active,2026-07-08
CUST-1037,Ishaan Hegde,POL-B270,Third-Party,0,0,750000,Active,2027-06-05
CUST-1038,Sahil Gandhi,POL-B488,Comprehensive,5,856919,750000,Flagged,2027-03-14
CUST-1039,Tejas Choudhury,POL-D813,Zero-Depreciation,3,216031,1000000,Active,2026-05-14
CUST-1040,Ira Reddy,POL-C322,Comprehensive,1,213602,1000000,Active,2025-03-04
CUST-1041,Muskan Gupta,POL-A151,Zero-Depreciation,1,114112,750000,Active,2027-05-24
CUST-1042,Aditi Pandey,POL-A620,Comprehensive,1,22191,300000,Active,2025-03-11
CUST-1043,Kanika Verma,POL-D222,Zero-Depreciation,2,92254,300000,Active,2025-02-10
CUST-1044,Divya Goswami,POL-D773,Zero-Depreciation,4,597798,1000000,Active,2027-08-16
CUST-1045,Kabir Shah,POL-C344,Third-Party,1,43033,750000,Active,2026-10-23
CUST-1046,Manan Ojha,POL-C869,Comprehensive,2,42291,200000,Active,2026-07-31
CUST-1047,Diya Gill,POL-E318,Zero-Depreciation,1,39489,500000,Active,2025-12-24
CUST-1048,Aavya Yadav,POL-C391,Comprehensive,2,276640,750000,Expired,2026-12-22
CUST-1049,Manan Subramanian,POL-E108,Zero-Depreciation,1,195643,1000000,Active,2026-11-11
CUST-1050,Myra Mahajan,POL-C218,Comprehensive,2,314309,1000000,Active,2025-10-16
CUST-1051,Chhavi Shah,POL-C308,Zero-Depreciation,0,0,500000,Active,2025-09-15
CUST-1052,Reyansh Hegde,POL-D949,Third-Party,2,23262,200000,Active,2027-03-01
CUST-1053,Prisha Tyagi,POL-C265,Zero-Depreciation,2,228627,750000,Active,2026-03-14
CUST-1054,Anjali Bansal,POL-A177,Zero-Depreciation,1,25461,300000,Active,2027-05-05
CUST-1055,Pratyush Shukla,POL-E251,Third-Party,3,106391,300000,Active,2026-01-09
CUST-1056,Aryan Khanna,POL-B798,Comprehensive,0,0,200000,Active,2026-07-28
CUST-1057,Sarthak Taneja,POL-B342,Comprehensive,2,109198,300000,Expired,2025-01-26
CUST-1058,Akash Jha,POL-D921,Zero-Depreciation,3,61758,300000,Active,2027-03-18
CUST-1059,Kiran Joshi,POL-D993,Comprehensive,3,269644,750000,Active,2027-04-17
CUST-1060,Tejas Kaul,POL-C940,Comprehensive,5,123488,300000,Flagged,2025-07-17
CUST-1061,Sahil Jha,POL-C985,Comprehensive,2,70294,500000,Active,2026-06-06
CUST-1062,Sahil Wadhwa,POL-E439,Comprehensive,1,16432,200000,Expired,2025-09-25
CUST-1063,Akash Shukla,POL-C139,Comprehensive,3,577307,1000000,Active,2027-01-17
CUST-1064,Nakul Modi,POL-E623,Comprehensive,1,149473,750000,Expired,2025-07-14
CUST-1065,Jatin Deshmukh,POL-D101,Zero-Depreciation,3,206204,1000000,Active,2027-08-21
CUST-1066,Megha Vohra,POL-B472,Third-Party,1,19759,200000,Expired,2027-08-01
CUST-1067,Nikhil Taneja,POL-C779,Comprehensive,3,313443,500000,Active,2026-11-14
CUST-1068,Sarthak Iyer,POL-D813,Third-Party,2,178097,1000000,Active,2026-03-07
CUST-1069,Kajal Kothari,POL-B730,Zero-Depreciation,1,27431,500000,Active,2027-05-04
CUST-1070,Aarav Goel,POL-C315,Third-Party,1,238091,1000000,Active,2025-11-26
CUST-1071,Utkarsh Murthy,POL-D791,Comprehensive,3,706991,1000000,Active,2027-07-12
CUST-1072,Megha Parekh,POL-A390,Zero-Depreciation,4,508078,1000000,Active,2027-04-19
CUST-1073,Navya Verma,POL-C330,Comprehensive,2,96816,300000,Active,2025-09-08
CUST-1074,Varun Subramanian,POL-A566,Third-Party,3,519004,1000000,Active,2026-12-15
CUST-1075,Rishit Prasad,POL-D349,Comprehensive,1,30733,200000,Expired,2027-06-01
CUST-1076,Nidhi Joshi,POL-D324,Comprehensive,4,434873,1000000,Active,2026-07-25
CUST-1077,Harsh Khan,POL-D236,Third-Party,5,1048295,1000000,Expired,2026-09-02
CUST-1078,Nakul Murthy,POL-E934,Zero-Depreciation,4,500466,1000000,Active,2027-07-18
CUST-1079,Amrita Nair,POL-B861,Third-Party,0,0,750000,Active,2025-09-11
CUST-1080,Garima Chawla,POL-E596,Zero-Depreciation,1,42935,300000,Active,2025-03-21
CUST-1081,Kriti Choudhury,POL-B378,Third-Party,1,84083,500000,Expired,2025-03-24
CUST-1082,Riya Mukherjee,POL-B492,Zero-Depreciation,0,0,300000,Active,2025-03-07
CUST-1083,Shaurya Mehra,POL-C655,Third-Party,0,0,750000,Active,2027-05-03
CUST-1084,Shaurya Luthra,POL-E812,Comprehensive,2,308897,1000000,Active,2025-01-07
CUST-1085,Parth Goel,POL-D973,Third-Party,1,174578,1000000,Active,2026-07-14
CUST-1086,Chhavi Singh,POL-D324,Third-Party,0,0,750000,Active,2026-02-03
CUST-1087,Nishant Vohra,POL-D841,Comprehensive,0,0,750000,Expired,2026-09-30
CUST-1088,Aishwarya Chatterjee,POL-D706,Zero-Depreciation,2,78087,200000,Active,2026-03-15
CUST-1089,Riya Pal,POL-B151,Third-Party,2,313555,750000,Active,2026-04-11
CUST-1090,Naman Kashyap,POL-D384,Third-Party,1,32845,500000,Expired,2026-04-27
CUST-1091,Advik Saluja,POL-A458,Comprehensive,0,0,200000,Active,2026-10-30
CUST-1092,Aryan Chatterjee,POL-B304,Comprehensive,4,325149,1000000,Active,2025-05-10
CUST-1093,Varun Vohra,POL-A677,Comprehensive,1,144689,750000,Active,2027-02-25
CUST-1094,Pratyush Parekh,POL-E721,Zero-Depreciation,1,48194,200000,Active,2025-06-17
CUST-1095,Mayank Joshi,POL-E126,Third-Party,3,298638,1000000,Active,2027-09-09
CUST-1096,Raghav Malhotra,POL-B177,Zero-Depreciation,2,43928,300000,Active,2027-03-03
CUST-1097,Manan Walia,POL-E924,Comprehensive,0,0,1000000,Active,2025-12-22
CUST-1098,Aishwarya Menon,POL-C170,Zero-Depreciation,0,0,500000,Active,2026-03-07
CUST-1099,Vivaan Joshi,POL-D470,Zero-Depreciation,3,333727,750000,Active,2026-03-22
CUST-1100,Akash Rajput,POL-C730,Zero-Depreciation,1,102577,750000,Active,2027-04-26
CUST-1101,Mansi Sodhi,POL-C430,Comprehensive,2,23624,200000,Active,2026-04-07
CUST-1102,Harsh Pal,POL-E724,Zero-Depreciation,2,331946,750000,Active,2026-05-22
CUST-1103,Naman Rao,POL-D317,Third-Party,1,32056,500000,Active,2027-06-21
CUST-1104,Bhavna Zutshi,POL-C669,Comprehensive,1,167155,1000000,Expired,2025-03-29
CUST-1105,Gaurav Mehra,POL-D668,Comprehensive,2,267986,750000,Active,2026-05-18
CUST-1106,Tanmay Bhatt,POL-A401,Comprehensive,3,545035,750000,Active,2025-11-10
CUST-1107,Janvi Shukla,POL-C584,Zero-Depreciation,1,63872,1000000,Active,2027-02-03
CUST-1108,Amrita Jha,POL-C819,Third-Party,0,0,500000,Active,2025-08-25
CUST-1109,Pari Reddy,POL-C222,Zero-Depreciation,0,0,1000000,Flagged,2026-12-08
CUST-1110,Aniket Reddy,POL-B856,Third-Party,0,0,500000,Active,2027-09-28
CUST-1111,Nehal Ranganathan,POL-E389,Comprehensive,1,34138,300000,Active,2026-01-05
CUST-1112,Akash Goel,POL-A825,Zero-Depreciation,1,63868,300000,Active,2027-09-25
CUST-1113,Reyansh Sarin,POL-C814,Comprehensive,1,142010,750000,Active,2025-01-13
CUST-1114,Anushka Choudhury,POL-D590,Third-Party,4,170975,500000,Active,2025-02-22
CUST-1115,Jatin Pathak,POL-A941,Comprehensive,4,615847,750000,Active,2026-08-14
CUST-1116,Esha Walia,POL-A255,Comprehensive,3,600522,1000000,Expired,2025-03-29
CUST-1117,Harsh Khan,POL-E882,Third-Party,1,230510,1000000,Active,2026-09-26
CUST-1118,Dev Rajput,POL-D561,Third-Party,2,229104,500000,Expired,2026-03-16
CUST-1119,Mayank Sethi,POL-E161,Zero-Depreciation,1,46215,200000,Expired,2025-08-01
CUST-1120,Esha Sharma,POL-C776,Comprehensive,0,0,300000,Active,2026-07-20
CUST-1121,Saanvi Pandey,POL-A518,Third-Party,3,529102,1000000,Active,2025-02-03
CUST-1122,Dhruv Choudhury,POL-C819,Third-Party,1,23146,200000,Active,2027-08-05
CUST-1123,Kabir Thakur,POL-E777,Comprehensive,4,446652,750000,Active,2025-08-19
CUST-1124,Gayatri Mukherjee,POL-C946,Comprehensive,0,0,200000,Active,2027-03-23
CUST-1125,Mayank Soni,POL-E395,Third-Party,2,48073,200000,Active,2025-11-08
CUST-1126,Kiran Malik,POL-C612,Zero-Depreciation,0,0,750000,Active,2026-09-05
CUST-1127,Aryan Modi,POL-C718,Third-Party,0,0,200000,Active,2027-09-12
CUST-1128,Kanika Shetty,POL-E121,Zero-Depreciation,2,66821,500000,Active,2027-02-21
CUST-1129,Navya Pillai,POL-D631,Zero-Depreciation,1,160779,750000,Expired,2025-07-05
CUST-1130,Archana Modi,POL-D193,Third-Party,1,33483,500000,Active,2025-11-25
CUST-1131,Kajal Joshi,POL-B437,Third-Party,2,318839,750000,Active,2027-08-26
CUST-1132,Sahil Sarin,POL-A565,Comprehensive,4,410858,500000,Active,2025-04-29
CUST-1133,Nidhi Malik,POL-E944,Comprehensive,2,144478,1000000,Active,2025-02-25
CUST-1134,Ankur Rajput,POL-C737,Third-Party,1,107799,750000,Active,2025-07-28
CUST-1135,Kartik Sarin,POL-B394,Third-Party,0,0,750000,Active,2027-09-24
CUST-1136,Esha Srivastava,POL-B826,Comprehensive,0,0,500000,Active,2026-07-20
CUST-1137,Sarthak Hegde,POL-B961,Comprehensive,0,0,750000,Expired,2026-10-26
CUST-1138,Ira Prasad,POL-C621,Zero-Depreciation,4,214284,500000,Active,2026-05-10
CUST-1139,Varun Yadav,POL-D664,Comprehensive,1,181983,750000,Active,2026-09-06
CUST-1140,Aanchal Mahajan,POL-A382,Third-Party,0,0,500000,Expired,2026-06-04
CUST-1141,Kartik Agarwal,POL-C843,Third-Party,1,228228,1000000,Active,2026-11-07
CUST-1142,Vivaan Mukherjee,POL-D651,Third-Party,2,160770,500000,Active,2027-02-21
CUST-1143,Akansha Kothari,POL-D429,Comprehensive,3,126817,300000,Active,2025-08-28
CUST-1144,Niharika Mehra,POL-A425,Zero-Depreciation,3,238933,750000,Active,2027-04-11
CUST-1145,Raghav Luthra,POL-B607,Comprehensive,4,105149,300000,Active,2026-08-28
CUST-1146,Nikhil Jain,POL-D202,Zero-Depreciation,1,125048,750000,Active,2025-05-28
CUST-1147,Sarthak Vats,POL-B176,Third-Party,0,0,500000,Active,2026-12-11
CUST-1148,Rohan Vats,POL-A972,Third-Party,4,851036,1000000,Active,2025-11-21
CUST-1149,Esha Patil,POL-E136,Zero-Depreciation,1,46437,200000,Active,2026-12-02
CUST-1150,Laksh Trivedi,POL-A544,Comprehensive,4,189236,200000,Active,2026-12-12
CUST-1151,Manan Chatterjee,POL-A432,Comprehensive,1,27636,500000,Active,2026-03-18
CUST-1152,Aanya Yadav,POL-E521,Zero-Depreciation,3,151943,300000,Active,2025-03-22
CUST-1153,Deepika Kothari,POL-E799,Comprehensive,4,398891,750000,Expired,2025-05-27
CUST-1154,Dhruv Pal,POL-C570,Third-Party,1,44588,200000,Expired,2026-04-22
CUST-1155,Laksh Wadhwa,POL-E261,Comprehensive,7,735571,750000,Expired,2026-08-25
CUST-1156,Manan Tyagi,POL-D806,Third-Party,0,0,750000,Expired,2025-07-23
CUST-1157,Rishit Pathak,POL-A342,Third-Party,2,368680,1000000,Active,2025-10-30
CUST-1158,Kiran Dutta,POL-A949,Zero-Depreciation,1,54533,750000,Active,2026-08-03
CUST-1159,Kavya Dubey,POL-E863,Third-Party,3,330654,500000,Active,2025-08-24
CUST-1160,Chhavi Khanna,POL-B751,Comprehensive,3,230409,1000000,Active,2027-02-13
CUST-1161,Latika Venkatesh,POL-B743,Comprehensive,0,0,200000,Active,2026-03-28
CUST-1162,Arjun Shukla,POL-C849,Comprehensive,3,46364,200000,Expired,2025-12-01
CUST-1163,Muskan Mehta,POL-B305,Comprehensive,0,0,1000000,Expired,2026-01-10
CUST-1164,Aditi Puri,POL-C950,Comprehensive,1,64224,500000,Expired,2027-08-25
CUST-1165,Vedant Dutta,POL-C923,Comprehensive,2,229196,750000,Flagged,2025-05-25
CUST-1166,Navya Singh,POL-D966,Zero-Depreciation,2,222472,500000,Active,2026-02-09
CUST-1167,Ishaan Banerjee,POL-E226,Third-Party,1,117658,500000,Active,2026-11-20
CUST-1168,Kabir Shukla,POL-D942,Zero-Depreciation,1,70913,500000,Active,2025-08-28
CUST-1169,Varun Chatterjee,POL-E674,Third-Party,2,353360,1000000,Active,2025-03-06
CUST-1170,Garima Pal,POL-C764,Third-Party,1,15155,200000,Active,2027-08-27
CUST-1171,Arjun Goel,POL-D218,Comprehensive,0,0,300000,Expired,2025-05-19
CUST-1172,Rishit Ojha,POL-C786,Zero-Depreciation,0,0,1000000,Active,2027-01-31
CUST-1173,Mansi Mukherjee,POL-D770,Comprehensive,0,0,750000,Active,2027-08-20
CUST-1174,Kunwar Chauhan,POL-C322,Third-Party,1,89350,750000,Flagged,2027-05-26
CUST-1175,Pranav Jain,POL-C657,Zero-Depreciation,3,132686,500000,Active,2025-10-10
CUST-1176,Ankur Khan,POL-D193,Zero-Depreciation,0,0,300000,Active,2026-09-04
CUST-1177,Advik Dubey,POL-C349,Comprehensive,0,0,1000000,Active,2027-04-30
CUST-1178,Nehal Sarin,POL-B700,Comprehensive,1,20322,300000,Active,2025-06-01
CUST-1179,Bhavna Agarwal,POL-C979,Comprehensive,0,0,300000,Active,2027-03-29
CUST-1180,Akash Kapoor,POL-A234,Comprehensive,1,61426,500000,Active,2025-09-01
CUST-1181,Ashwini Iyer,POL-A278,Third-Party,2,83952,200000,Active,2026-03-08
CUST-1182,Aditi Kapoor,POL-A587,Third-Party,1,112357,500000,Active,2025-04-22
CUST-1183,Tanmay Puri,POL-B729,Comprehensive,1,105375,1000000,Active,2026-10-21
CUST-1184,Vihaan Gandhi,POL-D967,Third-Party,2,137804,750000,Active,2026-05-18
CUST-1185,Kriti Murthy,POL-A182,Third-Party,1,173650,1000000,Active,2025-05-10
CUST-1186,Kunwar Taneja,POL-E661,Zero-Depreciation,1,99747,500000,Active,2026-09-04
CUST-1187,Aditi Dutta,POL-D617,Zero-Depreciation,0,0,750000,Active,2026-12-20
CUST-1188,Avni Vats,POL-E838,Comprehensive,1,171781,750000,Active,2025-08-22
CUST-1189,Sarthak Kashyap,POL-D508,Third-Party,2,55792,200000,Active,2025-11-17
CUST-1190,Kajal Acharya,POL-C256,Zero-Depreciation,1,77886,750000,Active,2027-05-02
CUST-1191,Aadya Hegde,POL-D198,Zero-Depreciation,1,57207,500000,Expired,2026-07-24
CUST-1192,Sai Sodhi,POL-E675,Third-Party,0,0,200000,Active,2027-06-14
CUST-1193,Kajal Menon,POL-A394,Zero-Depreciation,1,114052,500000,Active,2026-08-15
CUST-1194,Yuvraj Sharma,POL-B772,Third-Party,3,60645,300000,Expired,2025-12-25
CUST-1195,Anjali Kohli,POL-A880,Third-Party,3,226548,1000000,Active,2026-03-16
CUST-1196,Anjali Taneja,POL-E791,Zero-Depreciation,1,179183,1000000,Active,2027-08-10
CUST-1197,Janvi Zaidi,POL-C129,Comprehensive,1,123651,500000,Active,2025-11-13
CUST-1198,Nishant Kaul,POL-A285,Comprehensive,1,70356,1000000,Active,2025-03-13
CUST-1199,Aanya Tyagi,POL-A193,Zero-Depreciation,0,0,1000000,Active,2026-03-06
CUST-1200,Tejas Kashyap,POL-B478,Third-Party,1,43656,500000,Active,2026-08-05
CUST-1201,Bhavna Goswami,POL-A259,Comprehensive,1,229353,1000000,Active,2025-03-25
CUST-1202,Kartik Murthy,POL-D597,Zero-Depreciation,0,0,750000,Active,2025-08-09
CUST-1203,Navya Rai,POL-A453,Third-Party,1,49295,200000,Active,2026-11-26
CUST-1204,Ashwini Patil,POL-E783,Third-Party,0,0,200000,Active,2026-09-06
CUST-1205,Sai Agarwal,POL-B408,Comprehensive,4,101013,300000,Active,2025-10-24
CUST-1206,Naman Khan,POL-A609,Zero-Depreciation,3,238490,750000,Active,2026-01-25
CUST-1207,Aishwarya Trivedi,POL-E672,Zero-Depreciation,1,57367,500000,Active,2027-06-02
CUST-1208,Megha Deshmukh,POL-D119,Third-Party,1,19696,200000,Expired,2026-08-13
CUST-1209,Shivam Shetty,POL-D826,Zero-Depreciation,0,0,750000,Active,2026-02-19
CUST-1210,Advik Iyer,POL-B920,Zero-Depreciation,1,124685,750000,Expired,2027-07-31
CUST-1211,Pranav Hegde,POL-D964,Comprehensive,0,0,300000,Active,2026-02-15
CUST-1212,Aditi Goswami,POL-D991,Third-Party,2,117320,500000,Active,2027-03-09
CUST-1213,Aditya Gill,POL-E748,Comprehensive,0,0,1000000,Active,2027-07-17
CUST-1214,Niharika Kaul,POL-C844,Zero-Depreciation,0,0,300000,Active,2025-05-30
CUST-1215,Jatin Saxena,POL-B716,Comprehensive,3,111780,200000,Active,2027-03-03
CUST-1216,Esha Prasad,POL-D872,Zero-Depreciation,2,264736,1000000,Active,2027-08-05
CUST-1217,Anshika Vaidya,POL-E430,Zero-Depreciation,4,392346,500000,Active,2025-03-11
CUST-1218,Varun Murthy,POL-C915,Third-Party,1,63299,1000000,Active,2026-06-04
CUST-1219,Saanvi Grover,POL-D562,Comprehensive,3,125432,200000,Active,2025-10-21
CUST-1220,Saanvi Vaidya,POL-A729,Zero-Depreciation,0,0,1000000,Active,2026-08-18
CUST-1221,Amrita Deshmukh,POL-D929,Zero-Depreciation,0,0,300000,Active,2026-05-03
CUST-1222,Yuvraj Mukherjee,POL-A561,Comprehensive,0,0,500000,Flagged,2025-03-28
CUST-1223,Yuvraj Vaidya,POL-B140,Comprehensive,3,507240,750000,Flagged,2026-06-21
CUST-1224,Aashna Subramanian,POL-B472,Third-Party,2,125388,500000,Active,2027-03-05
CUST-1225,Nishant Wadhwa,POL-E153,Zero-Depreciation,1,99760,500000,Active,2025-04-07
CUST-1226,Anjali Wadhwa,POL-D390,Third-Party,1,229914,1000000,Expired,2025-12-08
CUST-1227,Aadya Shukla,POL-B458,Third-Party,1,173470,750000,Active,2026-12-27
CUST-1228,Aadya Grover,POL-E485,Zero-Depreciation,1,118983,500000,Expired,2026-11-18
CUST-1229,Kiran Walia,POL-E195,Zero-Depreciation,1,58390,750000,Active,2025-01-19
CUST-1230,Pranav Grover,POL-B319,Third-Party,4,241004,750000,Active,2025-05-21
CUST-1231,Ira Gill,POL-C964,Comprehensive,1,198789,1000000,Active,2027-05-06
CUST-1232,Megha Ranganathan,POL-A777,Third-Party,0,0,1000000,Active,2026-01-21
CUST-1233,Ira Pandey,POL-B951,Zero-Depreciation,3,642754,1000000,Expired,2025-06-19
CUST-1234,Latika Murthy,POL-A520,Third-Party,0,0,300000,Flagged,2026-09-18
CUST-1235,Laksh Nair,POL-B646,Comprehensive,1,64728,500000,Flagged,2027-03-15
CUST-1236,Varun Reddy,POL-C794,Zero-Depreciation,1,71887,750000,Active,2025-10-16
CUST-1237,Niharika Kothari,POL-E640,Third-Party,4,120431,300000,Expired,2027-04-01
CUST-1238,Chhavi Mahajan,POL-C153,Zero-Depreciation,1,173767,750000,Expired,2026-07-22
CUST-1239,Myra Rajput,POL-A391,Comprehensive,2,143674,300000,Active,2027-07-17
CUST-1240,Aanchal Mishra,POL-D193,Comprehensive,0,0,750000,Expired,2027-08-11
CUST-1241,Vihaan Mehta,POL-A505,Zero-Depreciation,2,53622,500000,Active,2025-03-25
CUST-1242,Pratyush Singh,POL-A426,Comprehensive,5,201269,500000,Active,2025-05-21
CUST-1243,Arjun Choudhury,POL-D812,Comprehensive,2,295933,750000,Active,2025-01-06
CUST-1244,Aadya Bhatt,POL-C320,Comprehensive,3,740904,1000000,Expired,2026-09-16
CUST-1245,Aditi Menon,POL-A894,Third-Party,1,70250,300000,Active,2025-02-18
CUST-1246,Gaurav Mehta,POL-E568,Comprehensive,3,36571,200000,Expired,2026-05-27
CUST-1247,Bhavna Saini,POL-A747,Zero-Depreciation,2,233399,1000000,Active,2025-05-28
CUST-1248,Madhav Menon,POL-A729,Third-Party,1,70191,300000,Active,2025-07-11
CUST-1249,Kajal Vohra,POL-A636,Third-Party,1,39500,200000,Flagged,2026-07-12
CUST-1250,Yuvraj Puri,POL-E120,Third-Party,1,105365,750000,Active,2026-02-01
CUST-1251,Pratyush Acharya,POL-A465,Comprehensive,0,0,500000,Active,2026-11-04
CUST-1252,Esha Joshi,POL-E852,Third-Party,0,0,300000,Active,2026-07-14
CUST-1253,Nishant Vaidya,POL-B950,Zero-Depreciation,1,174726,750000,Flagged,2026-05-06
CUST-1254,Esha Rao,POL-B164,Zero-Depreciation,1,132339,750000,Active,2025-07-26
CUST-1255,Aryan Saxena,POL-A423,Third-Party,0,0,1000000,Active,2027-04-15
CUST-1256,Akansha Patel,POL-C137,Zero-Depreciation,1,72664,300000,Active,2027-06-02
CUST-1257,Niharika Dubey,POL-C379,Comprehensive,0,0,500000,Active,2026-02-14
CUST-1258,Muskan Murthy,POL-D447,Comprehensive,1,187031,750000,Active,2026-01-12
CUST-1259,Aashna Bhasin,POL-A844,Third-Party,2,79996,200000,Active,2027-04-23
CUST-1260,Aniket Saluja,POL-C428,Comprehensive,0,0,200000,Active,2025-10-30
CUST-1261,Mayank Nair,POL-E834,Third-Party,1,26441,300000,Active,2025-12-26
CUST-1262,Tanmay Deshmukh,POL-C729,Third-Party,0,0,500000,Active,2027-03-22
CUST-1263,Sai Gill,POL-D472,Zero-Depreciation,2,123063,300000,Flagged,2025-05-27
CUST-1264,Chhavi Wadhwa,POL-D135,Comprehensive,2,52061,200000,Active,2026-10-23
CUST-1265,Pranav Khurana,POL-D680,Comprehensive,1,86385,1000000,Active,2026-04-06
CUST-1266,Pratyush Kohli,POL-D881,Comprehensive,3,536399,1000000,Active,2026-01-11
CUST-1267,Rohan Gupta,POL-C355,Comprehensive,1,16246,200000,Active,2026-05-27
CUST-1268,Aashna Luthra,POL-E220,Third-Party,2,94394,500000,Active,2025-08-08
CUST-1269,Deepika Choudhury,POL-D304,Comprehensive,1,16182,300000,Expired,2026-04-08
CUST-1270,Akash Murthy,POL-A929,Zero-Depreciation,0,0,500000,Active,2026-12-28
CUST-1271,Aavya Sarin,POL-E397,Third-Party,1,54164,300000,Active,2027-08-08
CUST-1272,Kiran Tyagi,POL-B912,Third-Party,1,98634,1000000,Active,2025-07-25
CUST-1273,Riya Verma,POL-D126,Third-Party,3,550851,1000000,Active,2026-04-24
CUST-1274,Amrita Kulkarni,POL-E188,Comprehensive,0,0,500000,Active,2027-01-05
CUST-1275,Latika Pathak,POL-E520,Third-Party,2,134203,1000000,Active,2027-09-23
CUST-1276,Nakul Vaidya,POL-A560,Third-Party,0,0,1000000,Active,2027-06-19
CUST-1277,Niharika Sarin,POL-E286,Comprehensive,0,0,750000,Active,2027-06-09
CUST-1278,Sai Khan,POL-E256,Third-Party,0,0,300000,Active,2027-08-16
CUST-1279,Komal Singh,POL-C631,Third-Party,2,85395,200000,Active,2026-10-13
CUST-1280,Amrita Chawla,POL-B740,Third-Party,1,125938,1000000,Active,2026-05-30
CUST-1281,Gayatri Parekh,POL-E694,Comprehensive,1,52448,300000,Active,2027-01-08
CUST-1282,Chhavi Kashyap,POL-E142,Comprehensive,2,43557,200000,Active,2026-10-19
CUST-1283,Nidhi Shetty,POL-C766,Comprehensive,2,447387,1000000,Active,2026-10-17
CUST-1284,Vihaan Prasad,POL-E396,Zero-Depreciation,3,81740,500000,Active,2027-04-05
CUST-1285,Kavya Malik,POL-C564,Comprehensive,1,35339,200000,Active,2026-03-02
CUST-1286,Vedant Pal,POL-B448,Zero-Depreciation,1,65095,300000,Active,2027-01-06
CUST-1287,Nakul Kaul,POL-D233,Third-Party,2,208922,1000000,Active,2025-11-23
CUST-1288,Gaurav Pal,POL-A373,Third-Party,0,0,300000,Active,2025-02-21
CUST-1289,Madhav Luthra,POL-E528,Comprehensive,1,49590,300000,Expired,2027-08-15
CUST-1290,Anushka Gupta,POL-B881,Comprehensive,1,135213,750000,Flagged,2026-04-24
CUST-1291,Yash Grover,POL-D123,Comprehensive,1,39149,750000,Active,2027-09-17
CUST-1292,Gaurav Sharma,POL-E461,Comprehensive,0,0,200000,Active,2026-09-04
CUST-1293,Ishika Wadhwa,POL-D392,Zero-Depreciation,4,68059,200000,Expired,2026-03-18
CUST-1294,Riya Banerjee,POL-C882,Third-Party,2,153783,500000,Active,2025-02-22
CUST-1295,Anshika Sarkar,POL-B471,Zero-Depreciation,0,0,500000,Active,2026-06-01
CUST-1296,Tanmay Sarin,POL-C945,Zero-Depreciation,0,0,1000000,Active,2027-09-26
CUST-1297,Diya Malhotra,POL-C913,Third-Party,1,170630,1000000,Expired,2027-02-13
CUST-1298,Aanya Saxena,POL-E621,Third-Party,1,107738,1000000,Active,2025-02-09
CUST-1299,Riya Jha,POL-D631,Third-Party,2,97968,300000,Active,2026-06-12
CUST-1300,Riya Iyer,POL-E426,Comprehensive,3,209223,750000,Flagged,2027-01-28
CUST-1301,Manan Sodhi,POL-C619,Zero-Depreciation,0,0,1000000,Active,2026-07-31
CUST-1302,Manan Patel,POL-A477,Third-Party,1,12057,200000,Flagged,2026-08-21
CUST-1303,Mayank Zaidi,POL-A711,Third-Party,2,204182,500000,Flagged,2027-03-13
CUST-1304,Niharika Shukla,POL-E333,Zero-Depreciation,0,0,200000,Active,2025-06-24
CUST-1305,Aditi Thakur,POL-E893,Third-Party,0,0,300000,Expired,2025-09-06
CUST-1306,Arjun Shetty,POL-A295,Comprehensive,3,223380,750000,Active,2025-06-05
CUST-1307,Sarthak Zaidi,POL-B520,Zero-Depreciation,3,504138,1000000,Expired,2027-06-13
CUST-1308,Megha Gandhi,POL-B631,Comprehensive,1,233462,1000000,Active,2026-11-10
CUST-1309,Vedant Ranganathan,POL-D421,Comprehensive,0,0,750000,Expired,2025-12-17
CUST-1310,Akansha Khanna,POL-C724,Third-Party,2,95028,300000,Flagged,2025-10-13
CUST-1311,Anjali Goel,POL-B404,Third-Party,5,149900,300000,Active,2026-05-16
CUST-1312,Nakul Pathak,POL-C673,Zero-Depreciation,1,123766,500000,Active,2026-08-11
CUST-1313,Kanika Saluja,POL-D504,Third-Party,1,57334,300000,Active,2025-10-22
CUST-1314,Kriti Goswami,POL-C552,Zero-Depreciation,1,81794,500000,Active,2025-08-08
CUST-1315,Ansh Saini,POL-C675,Zero-Depreciation,1,94742,500000,Active,2026-09-23
CUST-1316,Megha Sodhi,POL-B348,Comprehensive,4,889634,1000000,Active,2025-08-27
CUST-1317,Reyansh Jain,POL-D438,Zero-Depreciation,3,380821,750000,Active,2027-03-01
CUST-1318,Riya Agarwal,POL-E261,Third-Party,1,49042,750000,Active,2025-07-24
CUST-1319,Navya Choudhury,POL-C392,Zero-Depreciation,2,25228,200000,Expired,2025-04-02
CUST-1320,Ishika Shetty,POL-B647,Zero-Depreciation,1,41628,200000,Expired,2025-06-29
CUST-1321,Shaurya Pillai,POL-A956,Third-Party,1,170396,750000,Active,2027-02-06
CUST-1322,Madhav Chauhan,POL-A405,Zero-Depreciation,1,54880,1000000,Active,2025-12-10
CUST-1323,Laksh Ojha,POL-E636,Third-Party,1,67482,300000,Expired,2026-04-25
CUST-1324,Kartik Reddy,POL-A438,Comprehensive,4,610312,750000,Active,2027-01-06
CUST-1325,Aniket Bansal,POL-C909,Third-Party,1,175501,1000000,Active,2025-07-17
CUST-1326,Akash Subramanian,POL-D946,Third-Party,4,790065,1000000,Active,2026-02-15
CUST-1327,Kajal Jain,POL-B243,Third-Party,1,60462,500000,Expired,2025-01-07
CUST-1328,Kabir Luthra,POL-B557,Third-Party,1,48360,500000,Active,2027-01-11
CUST-1329,Anushka Bansal,POL-C769,Third-Party,0,0,300000,Active,2025-05-02
CUST-1330,Utkarsh Grover,POL-B515,Zero-Depreciation,0,0,1000000,Expired,2027-06-29
CUST-1331,Komal Grover,POL-A754,Third-Party,2,185929,500000,Active,2025-08-13
CUST-1332,Riya Pathak,POL-B565,Zero-Depreciation,0,0,1000000,Active,2026-12-20
CUST-1333,Amrita Patel,POL-E921,Zero-Depreciation,2,80109,300000,Active,2026-11-28
CUST-1334,Navya Soni,POL-A638,Third-Party,4,992934,1000000,Active,2025-03-21
CUST-1335,Anshika Kapoor,POL-A948,Zero-Depreciation,1,179929,1000000,Active,2026-07-04
CUST-1336,Ira Parekh,POL-C974,Zero-Depreciation,2,127958,750000,Active,2025-07-30
CUST-1337,Kriti Shukla,POL-D193,Zero-Depreciation,0,0,750000,Expired,2026-04-10
CUST-1338,Prisha Rai,POL-D567,Zero-Depreciation,0,0,200000,Active,2026-11-20
CUST-1339,Mayank Bhatt,POL-D360,Comprehensive,2,146292,300000,Active,2025-02-16
CUST-1340,Shivam Kaul,POL-A654,Comprehensive,3,77549,200000,Flagged,2026-04-29
CUST-1341,Arjun Choudhury,POL-D284,Comprehensive,2,319749,750000,Active,2027-07-02
CUST-1342,Raghav Nair,POL-D484,Comprehensive,1,157394,1000000,Active,2027-05-31
CUST-1343,Om Khan,POL-B650,Third-Party,2,450984,1000000,Active,2025-08-17
CUST-1344,Aarav Bhatt,POL-C574,Zero-Depreciation,1,227749,1000000,Active,2026-01-24
CUST-1345,Dhruv Yadav,POL-D454,Comprehensive,5,329226,500000,Flagged,2027-06-16
CUST-1346,Latika Kapoor,POL-A928,Zero-Depreciation,1,146013,750000,Active,2027-08-17
CUST-1347,Advik Verma,POL-B168,Comprehensive,1,94036,1000000,Active,2026-09-05
CUST-1348,Kanika Dubey,POL-B858,Comprehensive,1,165181,750000,Active,2026-07-07
CUST-1349,Daksh Gandhi,POL-B615,Third-Party,2,128961,300000,Expired,2027-01-20
CUST-1350,Anushka Gupta,POL-E712,Zero-Depreciation,2,103405,500000,Active,2027-06-17
CUST-1351,Aanya Venkatesh,POL-E326,Third-Party,6,568482,500000,Flagged,2026-07-25
CUST-1352,Ashwini Pillai,POL-D669,Third-Party,3,135704,200000,Flagged,2027-08-23
CUST-1353,Gayatri Vohra,POL-D904,Zero-Depreciation,1,107581,500000,Active,2026-02-23
CUST-1354,Ira Goel,POL-D288,Zero-Depreciation,0,0,750000,Active,2025-08-19
CUST-1355,Manan Mishra,POL-D159,Zero-Depreciation,2,320390,750000,Flagged,2026-07-25
CUST-1356,Aditi Mahajan,POL-D348,Third-Party,2,64444,300000,Active,2025-03-22
CUST-1357,Tanmay Kohli,POL-A648,Zero-Depreciation,3,159121,300000,Active,2026-01-22
CUST-1358,Kanika Srivastava,POL-E140,Comprehensive,2,121323,300000,Expired,2026-08-25
CUST-1359,Latika Vohra,POL-E322,Third-Party,2,105914,300000,Expired,2025-12-07
CUST-1360,Manan Bansal,POL-B294,Zero-Depreciation,1,47489,200000,Active,2027-02-12
CUST-1361,Vedant Yadav,POL-E820,Comprehensive,1,82644,750000,Expired,2026-07-20
CUST-1362,Naman Choudhury,POL-D577,Zero-Depreciation,1,83217,500000,Active,2026-01-04
CUST-1363,Aanchal Prasad,POL-D200,Zero-Depreciation,1,44361,750000,Active,2025-11-24
CUST-1364,Ayush Kohli,POL-C523,Comprehensive,4,806610,1000000,Expired,2027-01-30
CUST-1365,Aanya Bhatt,POL-C666,Zero-Depreciation,0,0,1000000,Active,2025-10-30
CUST-1366,Ira Saxena,POL-C335,Third-Party,0,0,1000000,Expired,2026-05-27
CUST-1367,Amrita Vats,POL-C363,Third-Party,1,153061,750000,Active,2027-01-21
CUST-1368,Parth Parekh,POL-B837,Zero-Depreciation,2,374137,750000,Active,2027-06-30
CUST-1369,Akansha Vaidya,POL-A636,Comprehensive,1,16544,200000,Expired,2026-11-16
CUST-1370,Reyansh Agarwal,POL-D240,Zero-Depreciation,2,39885,300000,Active,2025-06-04
CUST-1371,Ishaan Sharma,POL-E566,Third-Party,2,96069,200000,Active,2026-11-14
CUST-1372,Deepika Pathak,POL-D116,Comprehensive,0,0,1000000,Active,2025-01-13
CUST-1373,Advik Ranganathan,POL-C648,Third-Party,2,71082,200000,Active,2026-12-16
CUST-1374,Kanika Modi,POL-B209,Comprehensive,1,246795,1000000,Active,2025-07-16
CUST-1375,Divya Ranganathan,POL-C934,Third-Party,2,92620,500000,Active,2025-03-22
CUST-1376,Pratyush Malik,POL-D678,Comprehensive,0,0,300000,Active,2027-04-28
CUST-1377,Aadya Vats,POL-A195,Third-Party,2,216962,750000,Active,2026-05-03
CUST-1378,Sai Tyagi,POL-A819,Comprehensive,1,44744,200000,Active,2026-03-21
CUST-1379,Gayatri Jha,POL-E978,Comprehensive,5,282526,1000000,Expired,2025-08-24
CUST-1380,Daksh Zaidi,POL-E586,Third-Party,3,44076,200000,Expired,2026-12-02
CUST-1381,Kunwar Saluja,POL-E773,Comprehensive,0,0,300000,Expired,2025-11-19
CUST-1382,Advik Shah,POL-E247,Zero-Depreciation,2,222478,750000,Expired,2025-11-03
CUST-1383,Abhinav Sethi,POL-B680,Third-Party,0,0,1000000,Active,2027-02-13
CUST-1384,Megha Mahajan,POL-A612,Zero-Depreciation,1,104755,500000,Active,2026-03-24
CUST-1385,Dhruv Gill,POL-C719,Zero-Depreciation,1,52324,1000000,Active,2027-03-04
CUST-1386,Naman Chatterjee,POL-C902,Third-Party,0,0,750000,Active,2026-07-21
CUST-1387,Raghav Modi,POL-B796,Zero-Depreciation,1,127503,750000,Active,2026-09-26
CUST-1388,Madhav Yadav,POL-A184,Third-Party,1,66607,300000,Active,2027-03-14
CUST-1389,Garima Mukherjee,POL-D424,Third-Party,1,29220,200000,Active,2027-08-24
CUST-1390,Mayank Murthy,POL-C879,Third-Party,0,0,200000,Active,2025-07-11
CUST-1391,Shreyas Nair,POL-E668,Zero-Depreciation,2,224666,750000,Active,2025-04-02
CUST-1392,Parth Sarin,POL-A711,Zero-Depreciation,3,172938,500000,Expired,2025-01-13
CUST-1393,Madhav Mehra,POL-D897,Comprehensive,1,120125,1000000,Expired,2025-09-06
CUST-1394,Anushka Rajput,POL-B801,Third-Party,0,0,300000,Active,2025-11-05
CUST-1395,Kartik Prasad,POL-B164,Comprehensive,0,0,750000,Active,2025-11-03
CUST-1396,Vedant Gill,POL-C357,Comprehensive,1,122631,750000,Active,2025-07-20
CUST-1397,Tejas Joshi,POL-B411,Comprehensive,2,125244,750000,Active,2026-09-28
CUST-1398,Raghav Jha,POL-D442,Third-Party,0,0,1000000,Active,2025-11-25
CUST-1399,Chhavi Zaidi,POL-B590,Third-Party,2,142345,300000,Flagged,2027-09-19
CUST-1400,Nakul Dutta,POL-D689,Comprehensive,0,0,500000,Active,2027-04-17
CUST-1401,Rohan Khurana,POL-A677,Comprehensive,4,471560,1000000,Flagged,2025-07-04
CUST-1402,Kavya Sarin,POL-A844,Third-Party,1,68688,300000,Active,2025-10-26
CUST-1403,Khushi Ghosh,POL-D789,Third-Party,2,107229,300000,Active,2025-09-05
CUST-1404,Jatin Venkatesh,POL-B832,Third-Party,2,93105,750000,Active,2026-09-05
CUST-1405,Vedant Shukla,POL-D647,Zero-Depreciation,1,168267,750000,Active,2027-03-21
CUST-1406,Pranav Zutshi,POL-E708,Zero-Depreciation,0,0,200000,Active,2025-09-12
CUST-1407,Janvi Vohra,POL-C270,Zero-Depreciation,2,415879,1000000,Active,2026-10-23
CUST-1408,Kanika Vaidya,POL-D870,Third-Party,2,290760,750000,Active,2025-04-11
CUST-1409,Kabir Singh,POL-E864,Zero-Depreciation,2,360130,1000000,Active,2026-08-13
CUST-1410,Dev Nair,POL-C500,Third-Party,0,0,1000000,Active,2025-06-04
CUST-1411,Om Chatterjee,POL-D207,Third-Party,1,42097,750000,Expired,2025-03-29
CUST-1412,Avni Mishra,POL-C419,Third-Party,1,167740,750000,Active,2026-06-18
CUST-1413,Vedant Kaul,POL-D199,Third-Party,3,279467,750000,Active,2025-11-04
CUST-1414,Aryan Kapoor,POL-A969,Third-Party,1,44681,200000,Active,2025-06-18
CUST-1415,Megha Yadav,POL-E278,Zero-Depreciation,2,88400,300000,Active,2026-03-13
CUST-1416,Utkarsh Trivedi,POL-D744,Comprehensive,3,151623,300000,Active,2026-03-19
CUST-1417,Rohan Chatterjee,POL-E302,Third-Party,1,174593,1000000,Active,2025-01-05
CUST-1418,Komal Sharma,POL-B385,Zero-Depreciation,2,77265,200000,Active,2027-03-30
CUST-1419,Aishwarya Rao,POL-C433,Comprehensive,1,73131,750000,Active,2026-11-18
CUST-1420,Vivaan Ranganathan,POL-C711,Third-Party,1,220877,1000000,Active,2025-04-27
CUST-1421,Om Khanna,POL-D732,Comprehensive,1,112074,500000,Expired,2026-08-28
CUST-1422,Aadya Wadhwa,POL-B420,Comprehensive,2,101154,300000,Active,2025-07-07
CUST-1423,Pratyush Zaidi,POL-B623,Third-Party,0,0,750000,Active,2026-08-12
CUST-1424,Rishit Menon,POL-B598,Zero-Depreciation,2,362694,1000000,Active,2026-10-23
CUST-1425,Akash Sarkar,POL-B601,Third-Party,2,146378,300000,Active,2027-05-13
CUST-1426,Tanmay Taneja,POL-A986,Third-Party,1,12939,200000,Active,2025-07-19
CUST-1427,Rishit Sarkar,POL-E768,Third-Party,0,0,750000,Active,2026-03-02
CUST-1428,Komal Murthy,POL-D271,Comprehensive,1,215776,1000000,Active,2027-02-19
CUST-1429,Dev Dutta,POL-A381,Comprehensive,1,173428,1000000,Active,2027-03-11
CUST-1430,Tejas Sethi,POL-D662,Zero-Depreciation,1,16704,200000,Active,2025-10-02
CUST-1431,Niharika Saluja,POL-C655,Comprehensive,0,0,750000,Active,2026-03-12
CUST-1432,Myra Vats,POL-B404,Comprehensive,3,475051,750000,Active,2027-06-02
CUST-1433,Ananya Murthy,POL-A894,Comprehensive,2,43430,300000,Expired,2026-08-26
CUST-1434,Khushi Kaul,POL-E747,Third-Party,1,46870,300000,Active,2027-03-15
CUST-1435,Ayush Shah,POL-A683,Third-Party,1,74421,1000000,Active,2026-07-06
CUST-1436,Aditya Iyer,POL-C396,Zero-Depreciation,2,151446,500000,Flagged,2026-06-11
CUST-1437,Kanika Jain,POL-B868,Third-Party,0,0,200000,Flagged,2027-06-07
CUST-1438,Ishika Kulkarni,POL-B355,Comprehensive,0,0,500000,Expired,2027-02-19
CUST-1439,Kanika Malhotra,POL-D245,Zero-Depreciation,2,240362,500000,Active,2026-01-20
CUST-1440,Tanmay Gill,POL-A512,Zero-Depreciation,3,221653,500000,Active,2027-06-18
CUST-1441,Pratyush Ojha,POL-D435,Zero-Depreciation,1,11198,200000,Expired,2027-05-18
CUST-1442,Mansi Hegde,POL-D750,Zero-Depreciation,1,45185,500000,Expired,2027-03-26
CUST-1443,Aishwarya Malhotra,POL-B539,Comprehensive,2,276780,750000,Active,2027-04-29
CUST-1444,Laksh Kashyap,POL-E691,Comprehensive,2,377050,1000000,Expired,2027-03-19
CUST-1445,Nishant Walia,POL-A147,Comprehensive,4,671342,750000,Active,2027-08-10
CUST-1446,Abhinav Murthy,POL-D100,Third-Party,1,70856,300000,Flagged,2027-07-21
CUST-1447,Prisha Vats,POL-C262,Third-Party,2,72710,200000,Active,2025-09-14
CUST-1448,Aadya Kohli,POL-B153,Third-Party,2,181569,500000,Active,2027-02-13
CUST-1449,Dhruv Menon,POL-A820,Comprehensive,1,49086,200000,Active,2025-03-21
CUST-1450,Prisha Sodhi,POL-B631,Zero-Depreciation,3,444802,750000,Active,2026-12-14
CUST-1451,Nishant Khan,POL-D810,Comprehensive,2,275278,750000,Active,2026-01-28
CUST-1452,Ananya Joshi,POL-A420,Third-Party,3,320350,500000,Active,2027-03-04
CUST-1453,Navya Mahajan,POL-B170,Zero-Depreciation,0,0,1000000,Active,2026-10-28
CUST-1454,Aditya Murthy,POL-C839,Comprehensive,1,34475,300000,Expired,2026-09-23
CUST-1455,Kavya Murthy,POL-B188,Comprehensive,1,56728,300000,Active,2026-08-27
CUST-1456,Mansi Luthra,POL-C539,Third-Party,1,29252,300000,Active,2026-10-23
CUST-1457,Aadya Yadav,POL-E715,Zero-Depreciation,1,64639,1000000,Active,2027-08-22
CUST-1458,Khushi Chatterjee,POL-C310,Zero-Depreciation,3,377871,1000000,Active,2027-02-05
CUST-1459,Rohan Dutta,POL-A902,Comprehensive,2,82692,750000,Active,2025-09-04
CUST-1460,Yash Tyagi,POL-E172,Zero-Depreciation,1,25952,200000,Flagged,2027-08-15
CUST-1461,Nakul Kulkarni,POL-D981,Zero-Depreciation,2,304464,750000,Active,2026-12-01
CUST-1462,Akash Patel,POL-A117,Zero-Depreciation,3,53493,200000,Active,2025-08-09
CUST-1463,Aryan Gandhi,POL-D618,Third-Party,0,0,1000000,Active,2026-03-10
CUST-1464,Kiran Malik,POL-A755,Zero-Depreciation,2,470813,1000000,Active,2025-10-12
CUST-1465,Aadya Grover,POL-A623,Comprehensive,0,0,300000,Active,2026-02-05
CUST-1466,Ashwini Tyagi,POL-A417,Zero-Depreciation,2,220761,750000,Active,2027-05-17
CUST-1467,Gaurav Gandhi,POL-B188,Third-Party,1,22291,200000,Active,2026-09-16
CUST-1468,Sai Grover,POL-B222,Comprehensive,2,103240,300000,Active,2025-06-17
CUST-1469,Yash Kaul,POL-E629,Zero-Depreciation,1,66354,500000,Active,2025-05-10
CUST-1470,Muskan Bhasin,POL-A889,Comprehensive,0,0,500000,Expired,2025-10-06
CUST-1471,Aditi Ghosh,POL-C829,Zero-Depreciation,0,0,200000,Active,2026-06-08
CUST-1472,Pranav Gandhi,POL-D979,Zero-Depreciation,1,46509,300000,Active,2025-09-19
CUST-1473,Nidhi Joshi,POL-E790,Zero-Depreciation,1,32692,200000,Active,2026-06-06
CUST-1474,Aarav Deshmukh,POL-A350,Comprehensive,2,316797,750000,Active,2027-08-01
CUST-1475,Ira Pillai,POL-A666,Zero-Depreciation,1,132472,750000,Active,2025-09-12
CUST-1476,Shaurya Gupta,POL-C945,Comprehensive,4,369635,1000000,Active,2026-05-30
CUST-1477,Kanika Dubey,POL-B328,Zero-Depreciation,2,92001,200000,Flagged,2025-03-12
CUST-1478,Utkarsh Choudhury,POL-C435,Comprehensive,1,206105,1000000,Active,2026-01-13
CUST-1479,Ansh Dutta,POL-E903,Third-Party,2,367019,1000000,Active,2026-01-13
CUST-1480,Ashwini Prasad,POL-B850,Zero-Depreciation,0,0,300000,Active,2027-08-13
CUST-1481,Sarthak Chatterjee,POL-B654,Third-Party,2,33441,200000,Flagged,2025-01-02
CUST-1482,Nehal Venkatesh,POL-D969,Zero-Depreciation,2,69142,500000,Active,2026-06-27
CUST-1483,Gaurav Mehta,POL-D161,Comprehensive,0,0,500000,Active,2027-08-02
CUST-1484,Dhruv Rajput,POL-D817,Third-Party,2,144584,750000,Flagged,2025-03-28
CUST-1485,Archana Jain,POL-E236,Zero-Depreciation,2,371335,750000,Active,2026-08-05
CUST-1486,Sai Modi,POL-B342,Third-Party,0,0,500000,Expired,2027-08-07
CUST-1487,Rohan Zutshi,POL-C425,Third-Party,2,193519,500000,Active,2027-08-25
CUST-1488,Ansh Mahajan,POL-E211,Comprehensive,2,28328,200000,Active,2026-04-23
CUST-1489,Nakul Mehra,POL-A648,Third-Party,2,39530,300000,Active,2026-04-20
CUST-1490,Kabir Khan,POL-A261,Zero-Depreciation,0,0,500000,Expired,2026-12-15
CUST-1491,Chhavi Deshmukh,POL-B955,Third-Party,1,34402,300000,Active,2025-09-12
CUST-1492,Parth Malhotra,POL-E150,Zero-Depreciation,1,31942,500000,Active,2025-06-28
CUST-1493,Vihaan Malik,POL-D669,Zero-Depreciation,1,210071,1000000,Active,2026-04-19
CUST-1494,Myra Mahajan,POL-A112,Comprehensive,1,67804,300000,Active,2027-04-24
CUST-1495,Sahil Kohli,POL-A696,Zero-Depreciation,2,116600,500000,Expired,2025-03-18
CUST-1496,Advik Ghosh,POL-B761,Third-Party,4,171649,300000,Active,2027-05-18
CUST-1497,Nikhil Khan,POL-A572,Comprehensive,0,0,300000,Expired,2026-03-20
CUST-1498,Latika Malhotra,POL-D130,Third-Party,2,282001,750000,Active,2025-08-08
CUST-1499,Aniket Chawla,POL-C556,Comprehensive,0,0,200000,Active,2026-09-24
CUST-1500,Harsh Vaidya,POL-C610,Third-Party,1,140074,1000000,Active,2025-03-31
CUST-1501,Kunwar Luthra,POL-B529,Comprehensive,2,418179,1000000,Active,2027-04-02
CUST-1502,Akansha Bhatt,POL-D900,Zero-Depreciation,1,64931,500000,Active,2027-03-12
CUST-1503,Vivaan Kaul,POL-E614,Third-Party,0,0,750000,Active,2025-01-27
CUST-1504,Nakul Soni,POL-B130,Third-Party,4,139773,200000,Expired,2026-04-29
CUST-1505,Aditi Khanna,POL-E338,Comprehensive,0,0,200000,Active,2025-09-04
CUST-1506,Kartik Saini,POL-A882,Comprehensive,1,215213,1000000,Expired,2027-03-28
CUST-1507,Rishit Khanna,POL-B280,Comprehensive,2,221251,1000000,Active,2027-01-26
CUST-1508,Kiran Khanna,POL-E128,Zero-Depreciation,1,33764,500000,Expired,2026-08-01
CUST-1509,Aanya Sethi,POL-B956,Third-Party,2,258792,1000000,Active,2026-05-18
CUST-1510,Arjun Hegde,POL-A338,Zero-Depreciation,2,140327,300000,Active,2026-05-05
CUST-1511,Aarav Jha,POL-E306,Comprehensive,3,354178,500000,Active,2027-07-30
CUST-1512,Naman Gandhi,POL-A251,Zero-Depreciation,0,0,300000,Active,2027-05-17
CUST-1513,Aditi Khurana,POL-A482,Zero-Depreciation,4,624018,750000,Active,2025-12-11
CUST-1514,Manan Iyer,POL-B261,Zero-Depreciation,1,97947,750000,Active,2027-09-11
CUST-1515,Vivaan Vats,POL-C278,Zero-Depreciation,0,0,1000000,Active,2027-08-10
CUST-1516,Deepika Khanna,POL-B781,Zero-Depreciation,3,193046,300000,Active,2027-01-22
CUST-1517,Khushi Dutta,POL-B281,Zero-Depreciation,0,0,200000,Expired,2027-08-30
CUST-1518,Anushka Malhotra,POL-E133,Comprehensive,4,339870,1000000,Active,2027-04-09
CUST-1519,Deepika Singh,POL-E206,Third-Party,1,23782,300000,Active,2025-03-21
CUST-1520,Gaurav Kaul,POL-C271,Zero-Depreciation,1,11032,200000,Expired,2026-11-18
CUST-1521,Garima Jha,POL-D111,Third-Party,0,0,300000,Active,2025-03-11
CUST-1522,Om Acharya,POL-A837,Comprehensive,3,67417,200000,Active,2027-01-21
CUST-1523,Shaurya Parekh,POL-D604,Third-Party,1,35566,500000,Active,2025-04-14
CUST-1524,Vedant Shetty,POL-B266,Third-Party,1,34783,200000,Active,2025-02-04
CUST-1525,Madhav Bhatt,POL-C367,Comprehensive,1,12453,200000,Active,2027-06-29
CUST-1526,Raghav Pandey,POL-A660,Comprehensive,2,248973,500000,Active,2026-09-21
CUST-1527,Vedant Chatterjee,POL-D769,Comprehensive,0,0,1000000,Expired,2025-06-10
CUST-1528,Reyansh Jain,POL-C310,Comprehensive,2,117674,750000,Active,2027-01-10
CUST-1529,Mansi Saluja,POL-C776,Third-Party,0,0,500000,Active,2025-02-20
CUST-1530,Rohan Shetty,POL-E960,Third-Party,1,56529,300000,Active,2025-01-04
CUST-1531,Shivam Hegde,POL-C943,Zero-Depreciation,0,0,1000000,Active,2025-04-10
CUST-1532,Vihaan Shah,POL-B753,Third-Party,4,139823,200000,Active,2025-04-29
CUST-1533,Mayank Malhotra,POL-D600,Zero-Depreciation,2,227320,500000,Active,2026-07-12
CUST-1534,Rishit Rao,POL-C490,Third-Party,1,37065,300000,Active,2025-09-27
CUST-1535,Siddharth Pal,POL-C331,Third-Party,3,156618,1000000,Active,2027-02-10
CUST-1536,Kiran Vohra,POL-A187,Zero-Depreciation,1,26919,500000,Expired,2026-02-28
CUST-1537,Navya Sodhi,POL-B666,Comprehensive,1,58066,750000,Expired,2026-03-05
CUST-1538,Aishwarya Walia,POL-D686,Comprehensive,1,39318,750000,Active,2026-02-09
CUST-1539,Kriti Chauhan,POL-E684,Zero-Depreciation,2,483830,1000000,Active,2026-09-28
CUST-1540,Aanya Khan,POL-D277,Comprehensive,1,47877,300000,Expired,2025-05-10
CUST-1541,Aryan Menon,POL-A799,Third-Party,2,88588,300000,Flagged,2026-10-05
CUST-1542,Aanya Soni,POL-C427,Zero-Depreciation,0,0,200000,Active,2026-07-24
CUST-1543,Rohan Sarin,POL-C977,Third-Party,2,250355,1000000,Active,2027-06-14
CUST-1544,Ishaan Zutshi,POL-E701,Zero-Depreciation,1,155252,750000,Active,2025-06-03
CUST-1545,Aanya Sethi,POL-E696,Comprehensive,3,112576,200000,Active,2025-04-14
CUST-1546,Laksh Saini,POL-C998,Third-Party,1,109087,500000,Active,2026-05-13
CUST-1547,Anushka Srivastava,POL-D138,Comprehensive,0,0,500000,Active,2026-09-26
CUST-1548,Chhavi Walia,POL-D139,Third-Party,3,343535,500000,Active,2025-02-20
CUST-1549,Muskan Patel,POL-C481,Comprehensive,2,153681,500000,Expired,2025-11-07
CUST-1550,Mayank Chawla,POL-D978,Zero-Depreciation,0,0,200000,Flagged,2025-08-22
CUST-1551,Riya Goel,POL-D892,Third-Party,3,100437,500000,Active,2026-09-12
CUST-1552,Gayatri Hegde,POL-B552,Comprehensive,1,48188,750000,Active,2027-02-17
CUST-1553,Aashna Kohli,POL-A627,Comprehensive,0,0,200000,Active,2026-06-03
CUST-1554,Sahil Mahajan,POL-E682,Comprehensive,3,107946,300000,Active,2027-05-03
CUST-1555,Ansh Gandhi,POL-B133,Third-Party,2,33928,200000,Expired,2026-12-23
CUST-1556,Ansh Chawla,POL-C943,Third-Party,0,0,1000000,Active,2027-08-04
CUST-1557,Pari Walia,POL-A347,Third-Party,2,81283,750000,Active,2025-07-01
CUST-1558,Varun Sodhi,POL-E458,Third-Party,0,0,300000,Expired,2025-09-22
CUST-1559,Muskan Zaidi,POL-A391,Comprehensive,2,262399,750000,Active,2027-05-25
CUST-1560,Anushka Sharma,POL-B762,Comprehensive,1,22283,300000,Active,2026-02-24
CUST-1561,Aanchal Bhatt,POL-A585,Comprehensive,3,52551,300000,Active,2025-01-09
CUST-1562,Dev Acharya,POL-E924,Third-Party,3,255564,500000,Active,2026-01-21
CUST-1563,Om Ojha,POL-C323,Third-Party,4,235307,500000,Active,2027-04-25
CUST-1564,Divya Malhotra,POL-E204,Comprehensive,1,124433,1000000,Flagged,2027-09-17
CUST-1565,Pratyush Sarkar,POL-E723,Third-Party,1,86293,500000,Active,2026-05-09
CUST-1566,Aavya Kashyap,POL-C755,Third-Party,2,89494,500000,Active,2026-12-30
CUST-1567,Ishika Goel,POL-B253,Zero-Depreciation,2,127913,300000,Expired,2027-04-05
CUST-1568,Bhavna Malik,POL-C797,Comprehensive,3,120605,200000,Active,2025-10-30
CUST-1569,Kabir Mehta,POL-D497,Zero-Depreciation,3,108739,200000,Active,2026-08-09
CUST-1570,Ankur Kashyap,POL-B802,Zero-Depreciation,0,0,750000,Expired,2026-11-19
CUST-1571,Parth Puri,POL-C965,Comprehensive,3,248888,1000000,Active,2025-04-10
CUST-1572,Varun Kulkarni,POL-C842,Zero-Depreciation,0,0,300000,Expired,2027-07-11
CUST-1573,Nikhil Vats,POL-A327,Third-Party,2,90702,300000,Active,2025-11-11
CUST-1574,Shaurya Jha,POL-C366,Zero-Depreciation,3,227508,500000,Active,2025-05-01
CUST-1575,Varun Dubey,POL-E694,Zero-Depreciation,1,37555,200000,Active,2025-07-19
CUST-1576,Yuvraj Khan,POL-D642,Third-Party,3,320200,750000,Active,2027-05-25
CUST-1577,Ira Mahajan,POL-B450,Third-Party,0,0,1000000,Expired,2026-04-14
CUST-1578,Aanya Gupta,POL-B897,Comprehensive,1,186271,750000,Active,2025-07-01
CUST-1579,Nakul Tyagi,POL-A104,Third-Party,0,0,500000,Active,2027-03-04
CUST-1580,Aditya Shetty,POL-B601,Comprehensive,2,96610,300000,Active,2026-10-11
CUST-1581,Shivam Malik,POL-D588,Third-Party,2,48430,200000,Active,2025-07-24
CUST-1582,Mansi Kohli,POL-A429,Zero-Depreciation,2,121318,300000,Active,2025-01-05
CUST-1583,Esha Yadav,POL-B810,Third-Party,0,0,500000,Active,2026-01-28
CUST-1584,Yuvraj Sodhi,POL-C271,Comprehensive,1,48322,200000,Active,2025-10-25
CUST-1585,Tejas Rajput,POL-E636,Third-Party,1,59833,750000,Expired,2025-05-18
CUST-1586,Nishant Patil,POL-C868,Comprehensive,3,125749,300000,Expired,2027-07-30
CUST-1587,Sahil Bhatt,POL-B329,Zero-Depreciation,3,119271,300000,Active,2025-01-23
CUST-1588,Ashwini Puri,POL-B226,Third-Party,1,34783,200000,Active,2026-10-18
CUST-1589,Jatin Saini,POL-E149,Zero-Depreciation,2,67056,200000,Active,2026-11-01
CUST-1590,Advik Dubey,POL-A526,Third-Party,2,248995,750000,Active,2025-09-16
CUST-1591,Varun Zutshi,POL-B310,Zero-Depreciation,2,74117,200000,Active,2026-11-09
CUST-1592,Diya Venkatesh,POL-E376,Zero-Depreciation,1,215009,1000000,Active,2026-03-05
CUST-1593,Myra Rai,POL-E220,Third-Party,1,12342,200000,Active,2026-05-25
CUST-1594,Ansh Srivastava,POL-B896,Third-Party,2,415445,1000000,Flagged,2026-01-02
CUST-1595,Komal Mehra,POL-C264,Comprehensive,2,231277,1000000,Active,2025-08-01
CUST-1596,Khushi Pathak,POL-C340,Comprehensive,1,18824,200000,Active,2027-07-18
CUST-1597,Avni Shetty,POL-D252,Comprehensive,5,886177,1000000,Flagged,2027-01-11
CUST-1598,Diya Acharya,POL-B567,Third-Party,1,65990,500000,Active,2025-04-13
CUST-1599,Akash Deshmukh,POL-C468,Zero-Depreciation,2,167553,500000,Active,2025-04-29
CUST-1600,Diya Deshmukh,POL-A972,Comprehensive,0,0,300000,Active,2027-07-05
CUST-1601,Siddharth Taneja,POL-C999,Zero-Depreciation,1,11047,200000,Active,2025-12-17
CUST-1602,Aniket Kapoor,POL-D509,Third-Party,0,0,500000,Expired,2026-12-08
CUST-1603,Vedant Mehta,POL-B215,Comprehensive,2,43898,200000,Flagged,2027-05-15
CUST-1604,Abhinav Joshi,POL-D704,Third-Party,2,449092,1000000,Active,2025-07-05
CUST-1605,Deepika Kothari,POL-C726,Comprehensive,1,63158,300000,Active,2026-05-15
CUST-1606,Avni Mehra,POL-D147,Comprehensive,1,38347,500000,Active,2025-01-13
CUST-1607,Komal Wadhwa,POL-E885,Zero-Depreciation,0,0,1000000,Active,2025-08-18
CUST-1608,Kajal Kashyap,POL-E635,Zero-Depreciation,2,391803,1000000,Active,2026-11-09
CUST-1609,Mansi Yadav,POL-D454,Zero-Depreciation,1,129033,750000,Active,2027-04-27
CUST-1610,Anjali Subramanian,POL-A111,Zero-Depreciation,0,0,300000,Active,2026-04-26
CUST-1611,Yash Parekh,POL-A869,Third-Party,3,92116,500000,Active,2027-09-21
CUST-1612,Kunwar Dubey,POL-E328,Zero-Depreciation,1,74546,750000,Active,2025-08-29
CUST-1613,Aadya Ojha,POL-D920,Zero-Depreciation,2,302819,750000,Active,2026-05-26
CUST-1614,Tanmay Gupta,POL-A609,Zero-Depreciation,2,59005,200000,Active,2026-02-27
CUST-1615,Arjun Sarkar,POL-E100,Comprehensive,0,0,1000000,Flagged,2026-10-15
CUST-1616,Manan Rai,POL-E311,Zero-Depreciation,0,0,750000,Flagged,2026-01-08
CUST-1617,Reyansh Singh,POL-D439,Zero-Depreciation,1,156484,1000000,Active,2027-01-04
CUST-1618,Janvi Khurana,POL-D216,Comprehensive,1,68990,300000,Active,2025-12-30
CUST-1619,Garima Dutta,POL-E634,Third-Party,0,0,200000,Active,2025-06-18
CUST-1620,Yash Mahajan,POL-D209,Third-Party,4,535034,1000000,Active,2025-05-04
CUST-1621,Rohan Sharma,POL-D944,Comprehensive,1,123129,500000,Active,2026-03-01
CUST-1622,Aryan Tyagi,POL-E226,Third-Party,1,67214,750000,Active,2027-09-07
CUST-1623,Yuvraj Mahajan,POL-D104,Zero-Depreciation,3,71940,200000,Active,2026-03-20
CUST-1624,Archana Pathak,POL-E899,Comprehensive,0,0,1000000,Active,2027-04-15
CUST-1625,Prisha Joshi,POL-D773,Zero-Depreciation,0,0,1000000,Expired,2026-06-01
CUST-1626,Rishit Mehta,POL-E809,Comprehensive,1,110061,500000,Active,2025-12-18
CUST-1627,Madhav Nair,POL-B241,Third-Party,2,444055,1000000,Active,2027-02-06
CUST-1628,Aanchal Goel,POL-E981,Third-Party,1,191567,1000000,Active,2025-07-25
CUST-1629,Ayush Taneja,POL-C803,Third-Party,1,42498,300000,Flagged,2026-10-28
CUST-1630,Akash Puri,POL-E810,Zero-Depreciation,1,119569,500000,Active,2027-02-19
CUST-1631,Parth Sarkar,POL-D696,Zero-Depreciation,3,405438,750000,Active,2027-07-05
CUST-1632,Aishwarya Choudhury,POL-D927,Comprehensive,1,152500,1000000,Active,2026-01-26
CUST-1633,Aanya Dubey,POL-A304,Third-Party,2,124353,300000,Flagged,2026-12-01
CUST-1634,Jatin Mishra,POL-A807,Third-Party,0,0,300000,Active,2025-02-03
CUST-1635,Parth Nair,POL-A730,Zero-Depreciation,1,116043,1000000,Expired,2027-01-31
CUST-1636,Gayatri Sarkar,POL-D343,Zero-Depreciation,2,225566,500000,Active,2025-02-18
CUST-1637,Raghav Luthra,POL-D907,Zero-Depreciation,2,140247,500000,Flagged,2025-02-25
CUST-1638,Ishaan Acharya,POL-B735,Third-Party,2,37824,300000,Expired,2026-12-23
CUST-1639,Komal Vaidya,POL-C873,Zero-Depreciation,3,213284,1000000,Active,2025-07-21
CUST-1640,Niharika Reddy,POL-C559,Comprehensive,2,82048,200000,Active,2025-06-27
CUST-1641,Megha Rai,POL-A486,Comprehensive,1,115999,750000,Active,2025-09-28
CUST-1642,Prisha Pandey,POL-E966,Third-Party,2,70766,200000,Active,2026-12-28
CUST-1643,Ira Deshmukh,POL-B430,Zero-Depreciation,3,48954,200000,Active,2026-10-03
CUST-1644,Deepika Venkatesh,POL-C602,Zero-Depreciation,2,442871,1000000,Active,2027-03-14
CUST-1645,Komal Gupta,POL-E325,Comprehensive,3,271209,1000000,Active,2026-06-02
CUST-1646,Abhinav Mehta,POL-E649,Third-Party,0,0,200000,Active,2027-06-24
CUST-1647,Daksh Venkatesh,POL-C439,Third-Party,2,138064,500000,Active,2027-02-10
CUST-1648,Divya Ranganathan,POL-D674,Zero-Depreciation,1,45296,200000,Active,2025-12-21
CUST-1649,Tanmay Verma,POL-E736,Comprehensive,3,148093,200000,Active,2025-11-25
CUST-1650,Raghav Kapoor,POL-D362,Zero-Depreciation,2,226385,500000,Active,2026-06-14
CUST-1651,Nidhi Kohli,POL-E922,Zero-Depreciation,1,39391,750000,Active,2025-10-31
CUST-1652,Ishika Reddy,POL-C626,Comprehensive,2,91220,200000,Active,2027-09-07
CUST-1653,Nidhi Saini,POL-E107,Zero-Depreciation,0,0,200000,Active,2026-10-07
CUST-1654,Niharika Sharma,POL-D955,Comprehensive,1,66490,300000,Active,2026-12-21
CUST-1655,Megha Modi,POL-A864,Zero-Depreciation,3,129810,300000,Active,2027-01-05
CUST-1656,Nikhil Chauhan,POL-A175,Comprehensive,2,89305,300000,Active,2026-07-26
CUST-1657,Saanvi Shetty,POL-B364,Third-Party,2,288604,750000,Active,2026-02-19
CUST-1658,Shreyas Gupta,POL-A498,Zero-Depreciation,1,19594,200000,Active,2026-10-19
CUST-1659,Latika Taneja,POL-A874,Zero-Depreciation,0,0,1000000,Active,2027-05-19
CUST-1660,Saanvi Khanna,POL-E208,Third-Party,1,99882,500000,Active,2025-10-16
CUST-1661,Nehal Murthy,POL-D504,Zero-Depreciation,2,87315,200000,Active,2026-07-01
CUST-1662,Dev Mahajan,POL-D915,Zero-Depreciation,3,277853,500000,Flagged,2025-05-28
CUST-1663,Manan Wadhwa,POL-C111,Zero-Depreciation,1,63928,1000000,Active,2025-02-12
CUST-1664,Aarav Shetty,POL-E503,Zero-Depreciation,0,0,1000000,Expired,2025-11-09
CUST-1665,Ayush Kaul,POL-B522,Zero-Depreciation,1,217408,1000000,Active,2025-07-08
CUST-1666,Dev Subramanian,POL-C298,Comprehensive,1,56649,300000,Active,2026-08-04
CUST-1667,Reyansh Sarin,POL-D760,Zero-Depreciation,1,18505,200000,Active,2025-03-10
CUST-1668,Jatin Jain,POL-B843,Zero-Depreciation,0,0,750000,Flagged,2026-01-01
CUST-1669,Prisha Vohra,POL-B202,Third-Party,1,237660,1000000,Active,2025-07-18
CUST-1670,Nakul Patil,POL-D436,Zero-Depreciation,4,462878,500000,Active,2025-06-06
CUST-1671,Anshika Sethi,POL-C927,Third-Party,2,209116,750000,Active,2025-11-17
CUST-1672,Harsh Singh,POL-D383,Third-Party,2,75648,300000,Active,2025-12-06
CUST-1673,Vedant Pal,POL-D467,Third-Party,1,100882,750000,Active,2025-06-29
CUST-1674,Gayatri Srivastava,POL-A961,Third-Party,0,0,300000,Expired,2025-07-21
CUST-1675,Kabir Thakur,POL-A844,Comprehensive,2,88667,200000,Expired,2026-10-09
CUST-1676,Vihaan Shukla,POL-E514,Zero-Depreciation,2,126588,300000,Expired,2026-07-19
CUST-1677,Kabir Saluja,POL-E583,Zero-Depreciation,0,0,300000,Active,2025-08-17
CUST-1678,Nidhi Sodhi,POL-C237,Third-Party,2,431757,1000000,Active,2026-02-11
CUST-1679,Pranav Puri,POL-A778,Comprehensive,2,381474,1000000,Active,2027-02-15
CUST-1680,Aanchal Mahajan,POL-D263,Comprehensive,1,98378,1000000,Expired,2026-11-07
CUST-1681,Aanya Pathak,POL-C141,Comprehensive,0,0,750000,Active,2025-09-28
CUST-1682,Pratyush Trivedi,POL-A784,Comprehensive,1,169671,1000000,Expired,2026-01-05
CUST-1683,Rishit Patel,POL-D147,Comprehensive,1,99319,500000,Active,2027-09-19
CUST-1684,Aashna Tyagi,POL-C954,Zero-Depreciation,0,0,500000,Active,2026-08-07
CUST-1685,Akash Kothari,POL-D474,Zero-Depreciation,5,65793,200000,Flagged,2026-01-21
CUST-1686,Dev Rajput,POL-D461,Third-Party,1,42700,750000,Active,2027-06-28
CUST-1687,Chhavi Agarwal,POL-E242,Third-Party,4,259529,300000,Active,2026-06-11
CUST-1688,Gayatri Chawla,POL-B253,Comprehensive,1,20631,300000,Active,2027-01-05
CUST-1689,Pari Venkatesh,POL-B524,Third-Party,5,136085,200000,Flagged,2026-05-06
CUST-1690,Vedant Shah,POL-E265,Zero-Depreciation,1,153581,750000,Active,2025-02-14
CUST-1691,Prisha Shetty,POL-E264,Comprehensive,3,528784,1000000,Active,2026-08-10
CUST-1692,Aanya Gandhi,POL-B364,Comprehensive,2,304945,1000000,Flagged,2026-09-06
CUST-1693,Anshika Tyagi,POL-A999,Zero-Depreciation,0,0,500000,Expired,2025-08-10
CUST-1694,Tanmay Srivastava,POL-D988,Third-Party,1,54133,300000,Active,2026-02-25
CUST-1695,Bhavna Mishra,POL-E940,Comprehensive,3,530462,1000000,Active,2025-09-28
CUST-1696,Aditya Walia,POL-C564,Zero-Depreciation,0,0,1000000,Active,2026-01-23
CUST-1697,Rishit Kulkarni,POL-A116,Comprehensive,1,144498,1000000,Expired,2026-06-01
CUST-1698,Kavya Mehta,POL-B720,Comprehensive,0,0,300000,Active,2026-09-22
CUST-1699,Bhavna Chauhan,POL-E615,Comprehensive,0,0,200000,Active,2025-05-14
CUST-1700,Chhavi Saluja,POL-A893,Zero-Depreciation,2,219612,750000,Active,2026-01-15
CUST-1701,Aryan Zutshi,POL-E539,Comprehensive,0,0,750000,Active,2026-01-26
CUST-1702,Om Sodhi,POL-E200,Third-Party,1,27419,300000,Active,2027-02-24
CUST-1703,Dhruv Goswami,POL-C712,Zero-Depreciation,1,38649,750000,Active,2025-01-06
CUST-1704,Komal Agarwal,POL-E635,Comprehensive,0,0,1000000,Active,2026-11-02
CUST-1705,Ayush Zaidi,POL-C518,Third-Party,0,0,200000,Active,2026-10-30
CUST-1706,Archana Acharya,POL-C975,Zero-Depreciation,0,0,750000,Active,2026-09-19
CUST-1707,Kunwar Walia,POL-D873,Comprehensive,2,228800,750000,Active,2026-07-25
CUST-1708,Vedant Pillai,POL-C672,Zero-Depreciation,2,101127,750000,Active,2025-11-11
CUST-1709,Anushka Kaul,POL-D853,Comprehensive,1,23808,200000,Active,2026-04-03
CUST-1710,Kiran Pandey,POL-A319,Zero-Depreciation,2,285677,750000,Active,2027-04-01
CUST-1711,Amrita Subramanian,POL-A264,Third-Party,1,20989,200000,Expired,2027-04-24
CUST-1712,Aanya Patel,POL-E545,Comprehensive,1,26440,200000,Active,2026-01-15
CUST-1713,Aadya Srivastava,POL-A841,Third-Party,3,483205,750000,Active,2026-06-18
CUST-1714,Laksh Soni,POL-A892,Comprehensive,2,265920,750000,Active,2025-07-26
CUST-1715,Janvi Rajput,POL-C299,Comprehensive,0,0,1000000,Active,2026-12-17
CUST-1716,Dhruv Subramanian,POL-B790,Comprehensive,1,85379,500000,Active,2025-01-01
CUST-1717,Abhinav Hegde,POL-C898,Third-Party,1,63383,500000,Active,2026-02-20
CUST-1718,Ashwini Saxena,POL-E115,Zero-Depreciation,1,14841,200000,Expired,2026-07-17
CUST-1719,Laksh Sarkar,POL-E456,Third-Party,2,66036,500000,Active,2027-09-14
CUST-1720,Ankur Ojha,POL-D688,Comprehensive,3,183575,500000,Active,2026-06-03
CUST-1721,Myra Sarkar,POL-A615,Third-Party,1,88609,500000,Expired,2027-04-03
CUST-1722,Aanchal Acharya,POL-E932,Zero-Depreciation,4,460981,500000,Active,2027-09-17
CUST-1723,Raghav Sethi,POL-D888,Comprehensive,0,0,500000,Flagged,2026-04-15
CUST-1724,Kavya Ojha,POL-E982,Comprehensive,1,39255,750000,Active,2025-03-11
CUST-1725,Raghav Tyagi,POL-B793,Zero-Depreciation,1,44160,300000,Expired,2026-02-27
CUST-1726,Parth Rajput,POL-E109,Zero-Depreciation,1,37300,500000,Active,2025-04-06
CUST-1727,Sahil Wadhwa,POL-C177,Zero-Depreciation,1,58750,300000,Active,2025-12-29
CUST-1728,Daksh Shetty,POL-C287,Zero-Depreciation,3,166133,300000,Active,2025-07-24
CUST-1729,Gaurav Verma,POL-C311,Comprehensive,1,62339,300000,Expired,2027-05-07
CUST-1730,Divya Khanna,POL-B897,Comprehensive,5,113773,200000,Expired,2026-11-24
CUST-1731,Janvi Prasad,POL-E106,Zero-Depreciation,1,34042,200000,Expired,2026-01-16
CUST-1732,Divya Gupta,POL-D688,Third-Party,2,125058,750000,Active,2027-02-22
CUST-1733,Aanchal Chawla,POL-D327,Zero-Depreciation,1,68405,300000,Active,2027-03-30
CUST-1734,Shivam Pathak,POL-E133,Zero-Depreciation,1,27544,500000,Active,2026-12-04
CUST-1735,Niharika Pillai,POL-D223,Zero-Depreciation,2,128684,1000000,Active,2026-12-07
CUST-1736,Ishaan Bansal,POL-B488,Zero-Depreciation,1,37084,200000,Active,2026-09-20
CUST-1737,Kabir Rao,POL-E369,Comprehensive,1,46789,500000,Active,2026-09-20
CUST-1738,Nishant Khurana,POL-B610,Third-Party,3,132406,300000,Active,2027-02-10
CUST-1739,Pratyush Khurana,POL-D386,Third-Party,0,0,300000,Active,2026-08-13
CUST-1740,Kavya Trivedi,POL-A838,Third-Party,2,34679,300000,Active,2027-05-27
CUST-1741,Raghav Saxena,POL-B919,Zero-Depreciation,0,0,300000,Active,2025-01-10
CUST-1742,Akash Mehta,POL-D237,Zero-Depreciation,1,54670,1000000,Active,2025-11-20
CUST-1743,Vivaan Goel,POL-C675,Zero-Depreciation,2,92006,200000,Active,2026-12-09
CUST-1744,Abhinav Gandhi,POL-B933,Third-Party,0,0,750000,Expired,2025-04-09
CUST-1745,Tanmay Jha,POL-C469,Third-Party,3,646024,1000000,Active,2027-04-10
CUST-1746,Jatin Kaul,POL-A521,Comprehensive,3,190653,500000,Expired,2027-09-14
CUST-1747,Chhavi Saxena,POL-E689,Zero-Depreciation,1,80829,1000000,Active,2027-03-11
CUST-1748,Laksh Khanna,POL-C789,Zero-Depreciation,3,310698,750000,Active,2026-04-03
CUST-1749,Aadya Kothari,POL-E393,Third-Party,1,26677,300000,Expired,2026-10-18
CUST-1750,Nishant Mehta,POL-E685,Third-Party,0,0,200000,Active,2025-12-18
CUST-1751,Dhruv Gupta,POL-C768,Third-Party,1,121641,500000,Active,2026-02-09
CUST-1752,Kartik Murthy,POL-C865,Zero-Depreciation,1,166093,1000000,Flagged,2026-02-28
CUST-1753,Aditya Rao,POL-A228,Zero-Depreciation,0,0,300000,Active,2027-08-22
CUST-1754,Muskan Zutshi,POL-A315,Comprehensive,2,195533,750000,Active,2025-03-07
CUST-1755,Varun Sarin,POL-A126,Third-Party,4,361049,1000000,Active,2025-03-27
CUST-1756,Myra Banerjee,POL-E259,Comprehensive,1,108831,750000,Active,2025-09-11
CUST-1757,Megha Choudhury,POL-D741,Comprehensive,1,72841,300000,Active,2025-06-24
CUST-1758,Vihaan Chauhan,POL-C981,Third-Party,4,624305,750000,Active,2027-06-11
CUST-1759,Akansha Bhasin,POL-E555,Comprehensive,0,0,1000000,Active,2026-09-04
CUST-1760,Tejas Thakur,POL-E545,Zero-Depreciation,1,225418,1000000,Active,2025-12-22
CUST-1761,Vedant Saluja,POL-B924,Comprehensive,1,106901,750000,Active,2026-02-27
CUST-1762,Kabir Mukherjee,POL-C110,Comprehensive,4,428626,1000000,Expired,2027-05-19
CUST-1763,Riya Kaul,POL-C580,Zero-Depreciation,0,0,200000,Active,2026-05-19
CUST-1764,Navya Pathak,POL-C109,Third-Party,2,148465,500000,Active,2027-03-27
CUST-1765,Aarav Sarin,POL-C293,Third-Party,3,646511,1000000,Active,2025-09-13
CUST-1766,Abhinav Vaidya,POL-D948,Third-Party,3,64667,300000,Active,2026-03-09
CUST-1767,Esha Verma,POL-E882,Zero-Depreciation,4,453385,500000,Active,2027-01-31
CUST-1768,Aishwarya Bhasin,POL-D292,Comprehensive,2,141165,300000,Active,2025-04-24
CUST-1769,Garima Ojha,POL-E563,Third-Party,0,0,1000000,Active,2025-11-25
CUST-1770,Advik Mukherjee,POL-A647,Comprehensive,3,69198,300000,Flagged,2025-10-16
CUST-1771,Kartik Kulkarni,POL-D844,Comprehensive,1,63266,300000,Active,2025-01-16
CUST-1772,Yash Sharma,POL-C530,Third-Party,1,181117,750000,Flagged,2026-04-20
CUST-1773,Kiran Chauhan,POL-C182,Comprehensive,0,0,200000,Active,2026-02-06
CUST-1774,Saanvi Saluja,POL-D285,Comprehensive,3,79294,500000,Expired,2027-04-29
CUST-1775,Ishaan Khan,POL-B494,Third-Party,3,180617,300000,Active,2025-02-04
CUST-1776,Ansh Ojha,POL-A633,Zero-Depreciation,4,81265,300000,Active,2026-11-29
CUST-1777,Mayank Iyer,POL-B744,Zero-Depreciation,1,26301,200000,Active,2026-07-17
CUST-1778,Aashna Khan,POL-C592,Zero-Depreciation,1,59882,500000,Active,2027-06-28
CUST-1779,Reyansh Vohra,POL-B215,Comprehensive,0,0,750000,Active,2025-06-21
CUST-1780,Kunwar Shukla,POL-A505,Comprehensive,2,96409,200000,Flagged,2026-08-19
CUST-1781,Khushi Patel,POL-E258,Third-Party,1,13074,200000,Active,2026-05-27
CUST-1782,Ananya Walia,POL-E446,Zero-Depreciation,3,38748,200000,Active,2026-10-23
CUST-1783,Ira Zutshi,POL-E910,Comprehensive,1,28943,300000,Active,2025-11-21
CUST-1784,Anjali Vaidya,POL-C924,Third-Party,2,78612,300000,Active,2026-01-22
CUST-1785,Parth Mahajan,POL-C140,Third-Party,2,142808,750000,Active,2026-07-10
CUST-1786,Kiran Patil,POL-B680,Comprehensive,3,538690,1000000,Active,2027-01-20
CUST-1787,Utkarsh Chawla,POL-E981,Zero-Depreciation,0,0,300000,Active,2025-06-08
CUST-1788,Tanmay Dutta,POL-C654,Third-Party,2,250759,750000,Active,2026-10-16
CUST-1789,Yuvraj Kothari,POL-B119,Zero-Depreciation,1,93261,500000,Active,2025-09-02
CUST-1790,Naman Ghosh,POL-E938,Third-Party,1,64352,300000,Active,2026-05-25
CUST-1791,Nidhi Sarin,POL-B727,Third-Party,3,307603,500000,Active,2025-11-26
CUST-1792,Avni Jain,POL-E774,Comprehensive,1,21370,200000,Expired,2025-05-13
CUST-1793,Akash Chauhan,POL-B209,Third-Party,0,0,300000,Active,2026-08-08
CUST-1794,Gayatri Luthra,POL-D638,Zero-Depreciation,1,199729,1000000,Active,2026-01-11
CUST-1795,Dev Srivastava,POL-A113,Comprehensive,1,114169,750000,Expired,2027-05-03
CUST-1796,Aadya Pal,POL-A469,Zero-Depreciation,0,0,750000,Expired,2027-03-25
CUST-1797,Komal Gandhi,POL-E372,Zero-Depreciation,1,12507,200000,Active,2027-05-05
CUST-1798,Manan Gill,POL-B631,Comprehensive,1,19872,200000,Active,2026-06-29
CUST-1799,Rishit Reddy,POL-B638,Zero-Depreciation,2,73228,300000,Active,2027-08-29
CUST-1800,Akash Sarkar,POL-E525,Zero-Depreciation,2,83114,200000,Active,2026-08-14
CUST-1801,Parth Wadhwa,POL-D819,Zero-Depreciation,3,546335,750000,Expired,2025-06-20
CUST-1802,Aniket Sarin,POL-D616,Third-Party,0,0,300000,Active,2026-09-07
CUST-1803,Siddharth Khanna,POL-C663,Third-Party,2,176542,500000,Active,2026-10-11
CUST-1804,Shreyas Iyer,POL-E346,Zero-Depreciation,1,83390,1000000,Active,2027-02-24
CUST-1805,Amrita Acharya,POL-C563,Third-Party,6,319828,750000,Flagged,2025-02-05
CUST-1806,Laksh Soni,POL-A630,Comprehensive,2,122010,500000,Active,2025-08-16
CUST-1807,Daksh Gupta,POL-A890,Zero-Depreciation,2,141539,500000,Expired,2026-06-08
CUST-1808,Anjali Shetty,POL-E258,Comprehensive,0,0,200000,Active,2025-06-09
CUST-1809,Riya Banerjee,POL-C696,Comprehensive,1,18141,300000,Active,2025-11-04
CUST-1810,Ananya Shetty,POL-D682,Comprehensive,4,145176,200000,Active,2027-03-23
CUST-1811,Vedant Pillai,POL-D945,Zero-Depreciation,2,371125,1000000,Expired,2025-04-08
CUST-1812,Bhavna Vaidya,POL-C138,Zero-Depreciation,1,77320,1000000,Active,2027-03-10
CUST-1813,Sai Jha,POL-C936,Third-Party,2,268449,750000,Expired,2025-05-04
CUST-1814,Nidhi Trivedi,POL-E111,Zero-Depreciation,2,342064,750000,Active,2026-06-21
CUST-1815,Aryan Gupta,POL-E678,Comprehensive,1,30809,500000,Active,2025-08-15
CUST-1816,Ira Dubey,POL-D556,Zero-Depreciation,0,0,1000000,Active,2025-08-16
CUST-1817,Shreyas Dutta,POL-D251,Comprehensive,1,108548,500000,Active,2026-08-09
CUST-1818,Muskan Dubey,POL-E508,Third-Party,0,0,200000,Active,2026-03-21
CUST-1819,Niharika Zutshi,POL-B880,Comprehensive,1,40399,750000,Active,2026-05-15
CUST-1820,Rohan Vats,POL-E300,Zero-Depreciation,0,0,1000000,Flagged,2026-06-21
CUST-1821,Harsh Yadav,POL-A372,Third-Party,1,65428,500000,Active,2026-08-13
CUST-1822,Ananya Kapoor,POL-D533,Third-Party,2,142819,500000,Active,2025-12-19
CUST-1823,Bhavna Vats,POL-A888,Third-Party,3,184318,300000,Flagged,2026-09-24
CUST-1824,Siddharth Taneja,POL-B551,Comprehensive,3,48050,300000,Active,2026-01-18
CUST-1825,Ira Goswami,POL-A857,Comprehensive,2,61869,300000,Expired,2027-08-07
CUST-1826,Aanya Choudhury,POL-A451,Zero-Depreciation,0,0,200000,Active,2026-04-28
CUST-1827,Advik Jha,POL-B857,Zero-Depreciation,2,71771,300000,Active,2026-06-20
CUST-1828,Navya Banerjee,POL-E594,Zero-Depreciation,1,32988,300000,Active,2026-11-16
CUST-1829,Advik Kothari,POL-E779,Zero-Depreciation,3,137827,200000,Active,2025-03-03
CUST-1830,Laksh Saxena,POL-E377,Comprehensive,3,248812,750000,Active,2025-01-09
CUST-1831,Aavya Luthra,POL-C778,Zero-Depreciation,0,0,500000,Expired,2025-01-20
CUST-1832,Madhav Vats,POL-D336,Third-Party,1,146815,1000000,Flagged,2025-04-12
CUST-1833,Nakul Patil,POL-E644,Comprehensive,2,144934,300000,Active,2027-09-17
CUST-1834,Tejas Sarkar,POL-A140,Comprehensive,5,615680,1000000,Flagged,2026-05-17
CUST-1835,Rohan Pandey,POL-A455,Zero-Depreciation,1,39080,500000,Active,2025-11-06
CUST-1836,Gaurav Puri,POL-C931,Comprehensive,3,318337,500000,Expired,2027-07-01
CUST-1837,Vihaan Sarkar,POL-C330,Comprehensive,2,101980,500000,Expired,2026-11-04
CUST-1838,Riya Hegde,POL-D633,Zero-Depreciation,2,287995,1000000,Expired,2026-12-04
CUST-1839,Dhruv Mehta,POL-B686,Comprehensive,2,119190,750000,Flagged,2027-07-21
CUST-1840,Chhavi Jha,POL-D655,Comprehensive,0,0,300000,Active,2026-08-18
CUST-1841,Akansha Walia,POL-B983,Comprehensive,2,241586,500000,Active,2027-07-10
CUST-1842,Aditi Mahajan,POL-D888,Comprehensive,1,150120,1000000,Expired,2025-11-22
CUST-1843,Aavya Sarkar,POL-E836,Comprehensive,1,31482,300000,Active,2027-06-20
CUST-1844,Aanya Chatterjee,POL-C523,Third-Party,2,136563,500000,Active,2027-08-15
CUST-1845,Garima Chawla,POL-B897,Comprehensive,0,0,200000,Active,2025-01-27
CUST-1846,Nehal Subramanian,POL-E373,Zero-Depreciation,0,0,1000000,Active,2026-09-03
CUST-1847,Dhruv Trivedi,POL-A467,Comprehensive,1,44996,750000,Active,2027-05-17
CUST-1848,Chhavi Patel,POL-C288,Third-Party,4,726376,750000,Active,2025-06-17
CUST-1849,Ankur Singh,POL-A518,Comprehensive,0,0,500000,Flagged,2025-08-16
CUST-1850,Muskan Vohra,POL-B875,Comprehensive,5,137399,200000,Flagged,2027-09-05
CUST-1851,Siddharth Subramanian,POL-D804,Third-Party,1,130851,750000,Expired,2026-03-14
CUST-1852,Sahil Deshmukh,POL-E852,Third-Party,1,104259,500000,Active,2027-08-20
CUST-1853,Muskan Shetty,POL-E649,Zero-Depreciation,6,174456,200000,Flagged,2026-04-08
CUST-1854,Tejas Deshmukh,POL-B631,Zero-Depreciation,1,133592,750000,Flagged,2025-02-10
CUST-1855,Anjali Luthra,POL-E883,Zero-Depreciation,1,32603,200000,Active,2026-03-27
CUST-1856,Rohan Goel,POL-C572,Comprehensive,2,77711,750000,Active,2027-07-31
CUST-1857,Reyansh Zaidi,POL-E245,Third-Party,2,265309,750000,Active,2026-05-28
CUST-1858,Avni Rao,POL-E812,Zero-Depreciation,0,0,300000,Active,2025-11-28
CUST-1859,Tanmay Chatterjee,POL-B564,Zero-Depreciation,2,41447,300000,Expired,2025-04-03
CUST-1860,Jatin Iyer,POL-B835,Zero-Depreciation,1,29235,200000,Active,2026-12-25
CUST-1861,Tanmay Tyagi,POL-C187,Zero-Depreciation,1,80832,750000,Active,2027-09-26
CUST-1862,Aanchal Subramanian,POL-B487,Zero-Depreciation,3,454953,750000,Active,2025-06-24
CUST-1863,Nikhil Sethi,POL-B266,Comprehensive,1,60255,300000,Active,2025-02-22
CUST-1864,Shaurya Grover,POL-C847,Third-Party,3,311264,500000,Active,2025-05-01
CUST-1865,Prisha Saxena,POL-A737,Third-Party,1,24343,200000,Active,2027-05-26
CUST-1866,Yash Saluja,POL-A722,Third-Party,1,26495,300000,Active,2026-11-07
CUST-1867,Varun Ojha,POL-D552,Comprehensive,1,151191,1000000,Active,2025-09-08
CUST-1868,Amrita Chawla,POL-E743,Zero-Depreciation,0,0,300000,Active,2025-06-01
CUST-1869,Sai Vats,POL-C137,Comprehensive,0,0,200000,Active,2027-05-09
CUST-1870,Chhavi Goel,POL-C189,Comprehensive,0,0,200000,Active,2025-07-02
CUST-1871,Abhinav Wadhwa,POL-C725,Zero-Depreciation,0,0,1000000,Active,2026-07-30
CUST-1872,Akash Ojha,POL-E468,Comprehensive,3,82393,200000,Active,2025-11-27
CUST-1873,Pratyush Kothari,POL-A876,Third-Party,3,361830,1000000,Active,2026-04-28
CUST-1874,Riya Khan,POL-C437,Zero-Depreciation,5,560654,750000,Flagged,2026-12-14
CUST-1875,Ayush Subramanian,POL-A211,Zero-Depreciation,0,0,1000000,Flagged,2026-05-11
CUST-1876,Latika Zaidi,POL-E907,Zero-Depreciation,1,58156,500000,Active,2027-05-19
CUST-1877,Nakul Banerjee,POL-E688,Zero-Depreciation,1,32115,500000,Expired,2026-09-22
CUST-1878,Anshika Prasad,POL-E846,Zero-Depreciation,0,0,750000,Active,2025-07-04
CUST-1879,Deepika Trivedi,POL-C298,Comprehensive,2,84870,200000,Active,2026-10-03
CUST-1880,Pari Shah,POL-E524,Third-Party,2,81689,200000,Active,2026-07-28
CUST-1881,Garima Sharma,POL-A755,Comprehensive,1,112588,500000,Active,2025-03-11
CUST-1882,Mayank Goel,POL-E663,Third-Party,1,27009,200000,Active,2025-12-08
CUST-1883,Nishant Malhotra,POL-E730,Comprehensive,0,0,300000,Active,2027-05-04
CUST-1884,Nishant Wadhwa,POL-D585,Comprehensive,0,0,300000,Active,2026-10-05
CUST-1885,Tejas Saini,POL-C573,Third-Party,1,26662,200000,Expired,2025-11-03
CUST-1886,Anshika Wadhwa,POL-C668,Zero-Depreciation,1,48923,200000,Active,2026-12-03
CUST-1887,Nikhil Khanna,POL-A252,Third-Party,1,22157,200000,Active,2026-01-20
CUST-1888,Esha Saini,POL-B684,Zero-Depreciation,1,146901,750000,Active,2025-04-30
CUST-1889,Navya Grover,POL-C826,Comprehensive,1,91304,500000,Active,2026-05-24
CUST-1890,Gaurav Kohli,POL-D949,Third-Party,3,103553,300000,Active,2025-06-29
CUST-1891,Avni Kohli,POL-A896,Comprehensive,2,49675,200000,Active,2025-01-26
CUST-1892,Vedant Puri,POL-B294,Third-Party,4,504382,750000,Active,2026-06-21
CUST-1893,Mayank Iyer,POL-B887,Comprehensive,1,158899,1000000,Active,2025-05-16
CUST-1894,Ayush Chauhan,POL-D496,Zero-Depreciation,1,206126,1000000,Active,2025-11-15
CUST-1895,Aryan Walia,POL-E992,Comprehensive,2,103065,500000,Active,2025-02-17
CUST-1896,Myra Rajput,POL-C123,Zero-Depreciation,1,96442,500000,Active,2025-08-03
CUST-1897,Naman Saxena,POL-B393,Third-Party,1,152770,1000000,Active,2026-03-28
CUST-1898,Kajal Khan,POL-C252,Comprehensive,1,118292,500000,Active,2027-09-09
CUST-1899,Divya Sarkar,POL-E204,Comprehensive,3,702596,1000000,Active,2025-11-23
CUST-1900,Kartik Mishra,POL-C687,Comprehensive,3,190272,300000,Active,2026-09-20
CUST-1901,Nishant Saluja,POL-D151,Comprehensive,0,0,200000,Active,2026-11-23
CUST-1902,Reyansh Joshi,POL-D155,Comprehensive,1,184278,750000,Active,2026-12-23
CUST-1903,Bhavna Sodhi,POL-D731,Third-Party,5,315258,500000,Flagged,2025-07-22
CUST-1904,Kriti Vohra,POL-E180,Third-Party,0,0,1000000,Active,2027-04-13
CUST-1905,Kiran Pal,POL-A566,Third-Party,2,82558,750000,Active,2027-08-29
CUST-1906,Dev Mishra,POL-E364,Third-Party,1,143054,750000,Active,2027-07-29
CUST-1907,Kajal Jha,POL-C564,Third-Party,2,76389,200000,Active,2025-04-26
CUST-1908,Om Pathak,POL-D966,Comprehensive,3,226438,500000,Active,2026-09-11
CUST-1909,Anushka Kulkarni,POL-E205,Third-Party,2,84000,200000,Active,2026-10-28
CUST-1910,Saanvi Goel,POL-E572,Third-Party,1,76343,1000000,Active,2026-09-28
CUST-1911,Harsh Sarin,POL-B593,Third-Party,1,22391,200000,Active,2027-04-14
CUST-1912,Khushi Sodhi,POL-D903,Third-Party,2,418672,1000000,Active,2026-07-12
CUST-1913,Khushi Verma,POL-B778,Zero-Depreciation,1,32869,200000,Active,2026-12-30
CUST-1914,Anushka Patil,POL-A706,Zero-Depreciation,2,277205,750000,Active,2025-04-10
CUST-1915,Siddharth Pillai,POL-C515,Comprehensive,0,0,1000000,Active,2027-04-14
CUST-1916,Bhavna Kothari,POL-C606,Zero-Depreciation,1,22271,200000,Active,2027-04-17
CUST-1917,Riya Shukla,POL-A875,Comprehensive,1,35042,300000,Active,2025-10-26
CUST-1918,Rishit Subramanian,POL-E557,Comprehensive,2,124051,300000,Active,2025-11-21
CUST-1919,Manan Sethi,POL-C545,Zero-Depreciation,1,93544,500000,Flagged,2026-08-20
CUST-1920,Ishaan Subramanian,POL-E513,Comprehensive,1,62392,500000,Active,2027-07-12
CUST-1921,Amrita Dubey,POL-A820,Zero-Depreciation,4,267333,500000,Active,2025-10-16
CUST-1922,Vihaan Verma,POL-D819,Zero-Depreciation,1,79177,750000,Active,2026-12-30
CUST-1923,Raghav Malik,POL-D545,Zero-Depreciation,1,73822,300000,Active,2026-05-02
CUST-1924,Riya Reddy,POL-E493,Third-Party,0,0,750000,Active,2027-06-13
CUST-1925,Kajal Kulkarni,POL-B111,Comprehensive,1,48827,200000,Active,2027-06-26
CUST-1926,Vivaan Venkatesh,POL-D239,Comprehensive,0,0,300000,Active,2026-03-02
CUST-1927,Tejas Zutshi,POL-E535,Zero-Depreciation,2,80727,300000,Active,2026-03-11
CUST-1928,Amrita Nair,POL-D463,Comprehensive,1,30856,300000,Active,2025-01-08
CUST-1929,Anushka Prasad,POL-B829,Zero-Depreciation,0,0,500000,Active,2026-07-14
CUST-1930,Anushka Khurana,POL-A138,Zero-Depreciation,1,80619,750000,Active,2025-04-26
CUST-1931,Archana Pathak,POL-A245,Zero-Depreciation,3,195350,1000000,Flagged,2027-02-08
CUST-1932,Niharika Chawla,POL-D629,Comprehensive,2,339617,1000000,Expired,2025-04-01
CUST-1933,Harsh Patel,POL-A800,Zero-Depreciation,2,106044,1000000,Active,2025-11-16
CUST-1934,Deepika Dubey,POL-C647,Comprehensive,2,286988,750000,Active,2027-07-17
CUST-1935,Varun Shetty,POL-C531,Third-Party,1,52109,500000,Active,2025-02-06
CUST-1936,Khushi Soni,POL-C844,Zero-Depreciation,3,121448,500000,Active,2026-04-30
CUST-1937,Archana Parekh,POL-E152,Zero-Depreciation,3,251275,500000,Expired,2026-10-02
CUST-1938,Vihaan Choudhury,POL-D184,Comprehensive,2,106157,1000000,Active,2027-03-14
CUST-1939,Kunwar Acharya,POL-B730,Third-Party,1,70025,500000,Expired,2025-01-15
CUST-1940,Megha Kapoor,POL-E278,Zero-Depreciation,3,166042,300000,Active,2026-01-14
CUST-1941,Akash Banerjee,POL-B596,Comprehensive,1,51663,1000000,Expired,2025-12-18
CUST-1942,Aadya Mishra,POL-E941,Comprehensive,1,149757,750000,Active,2026-02-27
CUST-1943,Nidhi Luthra,POL-B776,Third-Party,2,82128,300000,Active,2027-01-22
CUST-1944,Om Dubey,POL-C873,Comprehensive,1,33578,200000,Active,2026-02-13
CUST-1945,Varun Goel,POL-D864,Zero-Depreciation,2,115686,300000,Active,2026-12-24
CUST-1946,Rishit Patel,POL-C248,Zero-Depreciation,0,0,750000,Active,2027-08-08
CUST-1947,Tanmay Kothari,POL-C642,Zero-Depreciation,0,0,200000,Active,2026-06-29
CUST-1948,Garima Khanna,POL-D725,Zero-Depreciation,2,99675,500000,Active,2025-10-01
CUST-1949,Diya Acharya,POL-E500,Third-Party,0,0,300000,Active,2026-08-26
CUST-1950,Nidhi Reddy,POL-E445,Zero-Depreciation,1,18751,300000,Active,2025-01-11
CUST-1951,Kanika Bansal,POL-A112,Third-Party,2,73829,200000,Active,2026-12-03
CUST-1952,Tanmay Kaul,POL-B842,Third-Party,0,0,500000,Active,2025-01-25
CUST-1953,Divya Hegde,POL-A708,Zero-Depreciation,6,312042,300000,Expired,2026-10-16
CUST-1954,Pari Khan,POL-A976,Zero-Depreciation,3,111800,300000,Active,2027-02-22
CUST-1955,Gayatri Sethi,POL-B213,Zero-Depreciation,3,111320,300000,Active,2026-04-24
CUST-1956,Janvi Gill,POL-D383,Third-Party,3,264074,500000,Active,2027-03-11
CUST-1957,Saanvi Chawla,POL-A491,Third-Party,1,67760,500000,Flagged,2025-09-22
CUST-1958,Kabir Pillai,POL-D171,Third-Party,3,193453,300000,Active,2025-07-02
CUST-1959,Gayatri Patil,POL-A247,Zero-Depreciation,1,40786,750000,Active,2026-10-21
CUST-1960,Myra Murthy,POL-C205,Comprehensive,1,12247,200000,Active,2027-01-16
CUST-1961,Jatin Nair,POL-A609,Comprehensive,2,81155,200000,Expired,2026-11-12
CUST-1962,Rishit Bhasin,POL-B816,Third-Party,2,122847,750000,Active,2026-06-12
CUST-1963,Komal Patil,POL-D546,Third-Party,0,0,200000,Active,2025-01-04
CUST-1964,Rishit Zaidi,POL-D224,Zero-Depreciation,0,0,1000000,Expired,2026-01-03
CUST-1965,Nikhil Walia,POL-C510,Comprehensive,0,0,200000,Active,2027-05-24
CUST-1966,Nishant Goswami,POL-D878,Third-Party,4,129404,300000,Active,2025-02-10
CUST-1967,Rishit Venkatesh,POL-B406,Zero-Depreciation,1,114750,750000,Expired,2026-10-08
CUST-1968,Khushi Khanna,POL-D186,Zero-Depreciation,1,90568,750000,Active,2025-05-24
CUST-1969,Arjun Reddy,POL-A837,Zero-Depreciation,2,139654,300000,Active,2025-03-06
CUST-1970,Akansha Vaidya,POL-C611,Zero-Depreciation,2,226690,750000,Flagged,2025-01-17
CUST-1971,Arjun Kashyap,POL-A445,Zero-Depreciation,2,51418,200000,Active,2025-08-05
CUST-1972,Ishika Vohra,POL-E569,Zero-Depreciation,2,443526,1000000,Active,2026-08-17
CUST-1973,Dhruv Gill,POL-A853,Comprehensive,4,516328,750000,Active,2026-04-28
CUST-1974,Divya Deshmukh,POL-B818,Zero-Depreciation,0,0,300000,Active,2026-10-10
CUST-1975,Reyansh Grover,POL-A567,Zero-Depreciation,1,56636,300000,Expired,2025-03-07
CUST-1976,Myra Kapoor,POL-D709,Zero-Depreciation,1,24917,300000,Active,2025-07-27
CUST-1977,Shivam Kashyap,POL-D432,Comprehensive,0,0,1000000,Active,2025-11-26
CUST-1978,Daksh Deshmukh,POL-E277,Third-Party,3,40026,200000,Active,2025-05-25
CUST-1979,Navya Mehta,POL-B813,Third-Party,0,0,1000000,Active,2025-09-07
CUST-1980,Archana Deshmukh,POL-B202,Zero-Depreciation,0,0,1000000,Active,2025-06-11
CUST-1981,Advik Patil,POL-A106,Comprehensive,1,36256,300000,Expired,2026-12-25
CUST-1982,Ishika Sodhi,POL-C526,Zero-Depreciation,0,0,750000,Active,2025-07-31
CUST-1983,Aanya Tyagi,POL-C635,Third-Party,0,0,750000,Active,2025-06-28
CUST-1984,Deepika Zaidi,POL-A710,Comprehensive,2,92319,750000,Active,2025-04-01
CUST-1985,Esha Goel,POL-C528,Comprehensive,1,93910,1000000,Active,2025-05-01
CUST-1986,Aditi Jain,POL-E470,Zero-Depreciation,3,407366,1000000,Active,2027-02-28
CUST-1987,Esha Venkatesh,POL-B383,Comprehensive,3,135020,300000,Active,2025-06-02
CUST-1988,Kavya Patel,POL-D280,Comprehensive,3,43847,200000,Active,2026-01-08
CUST-1989,Laksh Shah,POL-D357,Third-Party,1,117441,1000000,Expired,2027-02-16
CUST-1990,Tejas Deshmukh,POL-A858,Comprehensive,0,0,1000000,Active,2027-03-16
CUST-1991,Vihaan Patil,POL-E218,Comprehensive,1,38511,300000,Active,2026-08-30
CUST-1992,Archana Iyer,POL-D303,Zero-Depreciation,1,75780,500000,Active,2025-04-23
CUST-1993,Naman Trivedi,POL-A342,Zero-Depreciation,1,156413,750000,Expired,2026-01-20
CUST-1994,Dev Gill,POL-D699,Third-Party,0,0,200000,Expired,2025-05-29
CUST-1995,Daksh Subramanian,POL-D282,Third-Party,2,187726,500000,Active,2027-01-08
CUST-1996,Ankur Thakur,POL-C376,Comprehensive,1,97344,500000,Active,2026-12-10
CUST-1997,Anshika Gandhi,POL-C239,Comprehensive,4,350177,750000,Active,2025-06-25
CUST-1998,Nehal Kashyap,POL-B402,Zero-Depreciation,2,132596,300000,Active,2026-10-16
CUST-1999,Deepika Parekh,POL-E666,Comprehensive,2,51026,200000,Active,2026-06-19
CUST-2000,Vivaan Sharma,POL-E584,Third-Party,2,63394,500000,Active,2026-03-15
